PHTTP
23.0.63.23"ó
KGET /segments/kmart-cq-frame.js?callback=cq5DataLoaded&shcAJAX=1 HTTP/1.1
Host: nav.shld.net
Connection: keep-alive
Accept: */*
vUser-Agent: Mozilla/5.0 (X11; Linux x86_64) AppleWebKit/537.36 (KHTML, like Gecko) Chrome/31.0.1650.63 Safari/537.36
 Referer: http://www.kmart.com/
$Accept-Encoding: gzip,deflate,sdch
!Accept-Language: en-US,en;q=0.8

*®‹
HTTP/1.1 200 OK
Server: nginx
.Content-Type: text/javascript; charset=utf-8
Status: 200 OK
#X-UA-Compatible: IE=Edge,chrome=1
*ETag: "9f86b55b1079d9fa6dc309eac8f2defb"
0X-Request-Id: 9ee587c75c7af1b84b8dc5cb57fac218
X-Runtime: 0.322385
X-Rack-Cache: miss
Content-Length: 82900
8Cache-Control: private, must-revalidate, max-age=82116
(Expires: Fri, 10 Jan 2014 00:00:47 GMT
%Date: Thu, 09 Jan 2014 01:12:11 GMT
Connection: keep-alive
և
cq5DataLoaded({"domain":null,"name":"Kmart CQ Frame","pieces":[{"behavior":"","brand":"kmart cq","position":"ribbon","type":"flat","menu_items":[{"css_class":"sywr","url":"//www.shopyourway.com?intcmp=xsite_Sears","name":"Shop Your Way Rewards","attr":{"data-trk":"Ribbon > Shop Your Way Rewards","target":"_blank"}},{"css_class":"sears","url":"//www.sears.com/?intcmp=xsite_Kmart","name":"Sears","attr":{"data-trk":"Ribbon > Sears","target":"_blank"}},{"css_class":"myGofer","url":"//www.mygofer.com?intcmp=xsite_Sears","name":"myGofer","attr":{"data-trk":"Ribbon > Mygofer","target":"_blank"}},{"css_class":"craftsman","url":"//www.craftsman.com?intcmp=xsite_Sears","name":"Craftsman","attr":{"data-trk":"Ribbon > Craftsman","target":"_blank"}},{"css_class":"kenmore","url":"//www.kenmore.com?intcmp=xsite_Sears","name":"Kenmore","attr":{"data-trk":"Ribbon > Kenmore","target":"_blank"}},{"css_class":"partsDirect","url":"//www.searspartsdirect.com/?intcmp=xsite_Sears","name":"Parts Direct","attr":{"data-trk":"Ribbon > PartsDirect","target":"_blank"}},{"css_class":"landsEnd","url":"//www.landsend.com?intcmp=xsite_Sears","name":"Lands&#39; End","attr":{"data-trk":"Ribbon > LandsEnd","target":"_blank"}},{"css_class":"shs","url":"//www.searshomeservices.com/?intcmp=xsite_Sears","name":"Sears Home Services","attr":{"data-trk":"Ribbon > Sears Home Services","target":"_blank"}},{"css_class":"searsOutlet","url":"//www.searsoutlet.com?intcmp=xsite_Sears","name":"Sears Outlet","attr":{"data-trk":"Ribbon > SearsOutlet","target":"_blank"}},{"css_class":"sellOnSears","url":"https://seller.marketplace.sears.com/SellerPortal/d/index.jsp?intcmp=xsite_Sears","name":"Sell on Sears","attr":{"data-trk":"Ribbon > Sell On Sears","target":"_blank"}},{"css_class":"seeAll","url":"/see-it-all/nb-100000000465002?storeId=10153&amp;vName=see+it+all&amp;catalogInd=NB&amp;catalogId=12605&amp;expCheckout=&amp;orderEmail=&amp;langId=","name":"See it all","attr":{"target":"_blank"}}],"_slugs":"kmart-cq-ribbon-flat"},{"behavior":"dropmenu","brand":"kmart cq","position":"secondary","type":"tree","menu_items":[{"css_class":"storeLocator","url":"#","name":"Store Locator"},{"css_class":"custService","url":"/shc/s/nb_10151_10104_NB_CSHome","name":"Customer Service"},{"css_class":"moneySvcs","child_menu_items":[{"css_class":"head","name":"Payment Options"},{"url":"//www.sears.com/sears-card-members-offers/dap-120000000226488","name":"Sears Credit Cards"},{"url":"/prepaid-debit/dap-120000000263098","name":"Prepaid Debit Cards"},{"url":"/paypal/dap-100000000275521","name":"PayPal"},{"url":"/ebillme/dap-100000000461514","name":"WU Pay"},{"url":"/money-services/dap-120000000263097","name":"MoneyHub"},{"url":"/check-cashing/dap-120000000313549","name":"Check Cashing"},{"css_class":"head","name":"Discount Services"},{"url":"/pet-insurance/dap-120000000263100","name":"Pet Insurance"},{"url":"/health-insurance/dap-120000000263101","name":"Health Insurance"},{"url":"/dental/dap-120000000263096","name":"Discount Dental Plans"}],"name":"Money Services"},{"css_class":"giftCards","url":"/gclanding/nb-120000000218043?adCell=WH","name":"Gift Cards"}],"_slugs":"kmart-cq-secondary-tree"},{"behavior":"","brand":"kmart cq","position":"dept","type":"tree","menu_items":[{"child_menu_items":[{"css_class":"col one","child_menu_items":[{"css_class":"heading","url":"/gifts/b-22548","name":"Valentine&#39;s Day Gifts"},{"url":"/gifts-valentine-s-day-jewelry-watches/b-1248014848","name":"Jewelry & Watches"},{"url":"/gifts-valentine-s-day-plush-toys/b-1248015057","name":"Plush & Toys"},{"url":"/gifts-valentine-s-day-kitchen-home/b-1248015052","name":"Kitchen & Home"},{"url":"/gifts-valentine-s-day-beauty-fragrance/b-1248014858","name":"Beauty & Fragrance"},{"url":"/gifts-valentine-s-day-electronics/b-1248015048","name":"Electronics"},{"url":"/gifts-valentine-s-day-jewelry-armoires/b-1249024116","name":"Jewelry Armoires"},{"url":"/gifts-valentine-s-day-intimates-sleepwear/b-1248014854","name":"Intimates & Sleepwear"},{"url":"/gifts-valentine-s-day-fashions-for-her/b-1248014864","name":"Fashion for Her"},{"url":"/gifts-valentine-s-day-fashions-for-him/b-1248014870","name":"Fashion for Him"},{"url":"/gifts-valentine-s-day-fashion-for-girls/b-1248014876","name":"Fashion for Girls"},{"url":"/gifts-valentine-s-day-fashion-for-boys/b-1248015044","name":"Fashion for Boys"},{"url":"/gifts/b-22548","name":"Shop All Gifts"}],"name":"column"},{"css_class":"col two","child_menu_items":[{"css_class":"heading","name":"Valentine&#39;s Day"},{"url":"/search=valentines%20day?catalogId=10104&previousSort=ORIGINAL_SORT_ORDER&autoRedirect=false&viewItems=50&storeId=10151&levels=Seasonal_Valentine%27s+Day_Decorations","name":"Decorations"},{"url":"/seasonal-valentine-s-day-stuffed-animals-plush/b-34998","name":"Stuffed Animals & Plush"},{"url":"/search=valentine&#39;s%20day?catalogId=10104&previousSort=ORIGINAL_SORT_ORDER&autoRedirect=false&viewItems=50&storeId=10151&levels=Seasonal_Valentine%27s+Day","name":"Shop All Valentines Day"},{"css_class":"heading","name":"Shop By Brand"},{"url":"/seasonal-valentine-s-day&Disney/b-34997?filter=Brand&keywordSearch=false&previousSort=ORIGINAL_SORT_ORDER&viewItems=50&sName=View+All","name":"Disney"},{"url":"/seasonal-valentine-s-day&Hello%20Kitty/b-34997?filter=Brand&keywordSearch=false&previousSort=ORIGINAL_SORT_ORDER&viewItems=50&sName=View+All","name":"Hello Kitty"},{"url":"/seasonal-valentine-s-day&Marvel/b-34997?filter=Brand&keywordSearch=false&previousSort=ORIGINAL_SORT_ORDER&viewItems=50&sName=View+All","name":"Marvel"},{"url":"/seasonal-valentine-s-day&Family%20Guy/b-34997?filter=Brand&keywordSearch=false&previousSort=ORIGINAL_SORT_ORDER&viewItems=50&sName=View+All","name":"Family Guy"},{"css_class":"heading","name":"Gifts by Price"},{"url":"/seasonal-valentine-s-day&0-10/b-34997?keywordSearch=false&previousSort=ORIGINAL_SORT_ORDER&viewItems=50&sName=View+All&filter=Price&lastSelectedFilter=Price","name":"$0-$10"},{"url":"/seasonal-valentine-s-day&10-15/b-34997?keywordSearch=false&previousSort=ORIGINAL_SORT_ORDER&viewItems=50&sName=View+All&filter=Price&lastSelectedFilter=Price","name":"$10-$15"},{"url":"/seasonal-valentine-s-day&15-25/b-34997?keywordSearch=false&previousSort=ORIGINAL_SORT_ORDER&viewItems=50&sName=View+All&filter=Price&lastSelectedFilter=Price=Price","name":"$15-$25"},{"url":"/seasonal-valentine-s-day&25-50/b-34997?keywordSearch=false&previousSort=ORIGINAL_SORT_ORDER&viewItems=50&sName=View+All&filter=Price&lastSelectedFilter=Price=Price=Price","name":"$25-$50"},{"css_class":"heading","name":"Christmas"},{"url":"/seasonal-christmas/b-33202","name":"Shop All Christmas"}],"name":"column"}],"name":"Valentine&#39;s Day & Gifts"},{"url":"/appliances/b-20002?adCell=WH","child_menu_items":[{"css_class":"col one","child_menu_items":[{"url":"/appliance-hot-deal/dap-120000000355481?adCell=WF","name":"Hot Appliance Deals"},{"css_class":"heading","name":"Customer Picks"},{"url":"/search=appliances&4?filter=User%20Ratings&keywordSearch=false&lastRating=0&catalogId=10104&adCell=WF&previousSort=ORIGINAL_SORT_ORDER&lastSelectedFilter=User+Ratings&viewItems=50&storeId=10151&levels=Appliances_Small+Kitchen+Appliances&adCell=WF&adCell=WF","name":"Top Small Kitchen Appliances"},{"url":"/search=vacuums&4?filter=User%20Ratings&vName=Appliances&cName=Vacuums%20%26%20Floor%20Care&sLevel=1&viewItems=40&pageNum=1&sortOption=ORIGINAL_SORT_ORDER&lastFilter=User%20Ratings&adCell=WF&adCell=WF","name":"Top Vacuums"},{"css_class":"heading","name":"Kitchen"},{"url":"/search=appliances&4?filter=User Ratings&keywordSearch=false&lastRating=0&catalogId=10104&adCell=WF&previousSort=ORIGINAL_SORT_ORDER&lastSelectedFilter=User+Ratings&viewItems=50&storeId=10151&levels=Appliances_Small+Kitchen+Appliances&adCell=WF&adCell=WF","name":"Small Kitchen Appliances"},{"url":"/appliances-microwaves/b-21348?adCell=WF","name":"Microwaves"},{"url":"/for-the-home-cookware/b-1230442664?adCell=WF","name":"Cookware"},{"url":"/for-the-home-bakeware/b-24876?adCell=WF","name":"Bakeware"},{"url":"/appliances-refrigerators/b-20021?adCell=WF","name":"Refrigerators"},{"url":"/appliances-freezers-ice-makers/b-22107?adCell=WF","name":"Freezers"},{"url":"/appliances-dishwashers/b-21899?adCell=WF","name":"Dishwashers"},{"url":"/appliances-ranges/b-1202531251?adCell=WF","name":"Ranges"},{"url":"/appliances-cooktops/b-1202531096?adCell=WF","name":"Cooktops"},{"url":"/appliances-wall-ovens/b-1202531139?adCell=WF","name":"Wall Ovens"},{"url":"/appliances-range-hoods-and-warming-drawers/b-1202531166?adCell=WF","name":"Range Hoods and Warming Drawers"},{"url":"/appliances-disposers-compactors/b-23141?adCell=WF","name":"Disposers & Compactors"},{"url":"/appliances-wine-cellars-beverage-centers/b-24338?adCell=WF","name":"Wine Cellars & Drink Coolers"},{"css_class":"heading","name":"Laundry & Garment Care"},{"url":"/appliances-washers/b-35006?adCell=WF","name":"Washers"},{"url":"/appliances-dryers/b-35007?adCell=WF","name":"Dryers"},{"url":"/appliances-specialty-laundry/b-35008?adCell=WF","name":"Specialty Laundry"},{"url":"/appliances-accessories-washer-dryers&Sears/b-24097?filter=storeOrigin&viewItems=25&sortOption=RATING_HIGH_TO_LOW&adCell=WF","name":"Detergent & Laundry Accessories"},{"url":"/appliances-sewing-garment-care/b-24155?adCell=WF","name":"Sewing & Garment Care"}],"name":"column"},{"css_class":"col two","child_menu_items":[{"css_class":"heading","name":"Home"},{"url":"/appliances-air-conditioners/b-1202531071?adCell=WF","name":"Air Conditioners"},{"url":"/appliances-fans/b-1202531125?adCell=WF","name":"Fans"},{"url":"/appliances-heating/b-1202531206?adCell=WF","name":"Heating"},{"url":"/appliances-thermostats-accessories/b-1202531228?adCell=WF","name":"Thermostats & Accessories"},{"url":"/appliances-air-purifiers-dehumidifiers/b-24086?adCell=WF","name":"Air Purifiers & Dehumidifiers"},{"url":"/appliances-air-purifiers-dehumidifiers-humidifiers/b-24121?adCell=WF","name":"Humidifiers"},{"url":"/appliances-vacuums-floor-care/b-20018?adCell=WF","name":"Vacuums & Floor Care"},{"url":"/appliances-water-heaters/b-23143?adCell=WF","name":"Water Heaters"},{"url":"/appliances-water-coolers-filter-systems/b-24296?adCell=WF","name":"Water Coolers & Filter Systems"},{"url":"/appliances-water-softeners/b-24339?adCell=WF","name":"Water Softeners"},{"css_class":"heading","name":"Additional Products"},{"url":"/appliances-accessories/b-23142?adCell=WF","name":"Appliance Accessories & Parts"},{"url":"/appliances-as-seen-on-tv-gifts/b-24181?sid=gifts_AsSeenOnTV_As+Seen+on+TV&adCell=WF","name":"As Seen on TV"},{"css_class":"heading","name":"Parts & Services"},{"url":"//parts.sears.com/partsdirect/index.jsp?sid=NAV_SUBCAT_APPL","name":"Replacement Parts"},{"url":"//www.searspartsdirect.com/partsdirect/merchandiser/show.pd?description=Water%20Filters+&+sid=NAV_FILTERS","name":"Water Filters"},{"url":"//services.sears.com/appliances?SID=MerchKmartxApplVertxApplRepair","name":"Appliance Repair/Maintenance"},{"url":"//services.sears.com/furnace-central-heating-air/repair?SID=MerchKmartxApplVertxHeatingACRepair","name":"Heating & A/C Repair"},{"url":"//services.sears.com/boiler-maintenance-central-heating-air/maintenance?SID=MerchKmartxApplVertxFurnaceMaint","name":"Furnace Maintenance"},{"url":"//services.sears.com/centralair-maintenance-central-heating-air/maintenance?SID=MerchKmartxApplVertxACMaint","name":"A/C Maintenance"},{"url":"//services.sears.com/kitchen/improve?SID=MerchKmartxApplVertxHomeImproveKitchen","name":"Kitchen Remodeling"}],"name":"column"}],"name":"Appliances & Vacuums"},{"url":"/automotive/b-26010?adCell=WH","child_menu_items":[{"css_class":"col one","child_menu_items":[{"css_class":"heading","name":"Batteries & Battery Accessories"},{"url":"/automotive-batteries/b-33330?sName=View%20All","name":"Batteries"},{"url":"/automotive-batteries-battery-accessories/b-1291490848?sName=View%20All","name":"Battery Accessories"},{"url":"/automotive-batteries-battery-installation-accessories/b-1291490845?sName=View%20All","name":"Battery Installation Accessories"},{"css_class":"heading","name":"Hot Deals"},{"url":"/real-deals-auto/dap-120000000221819","name":"Hot Auto Buys"},{"url":"/new-auto/dap-120000000283416","name":"New Automotive Products"},{"url":"/auto-clearance/dap-120000000341832","name":"Automotive Clearance"},{"url":"/deal-of-the-day/dap-120000000279845","name":"Deal of the Day"},{"url":"/automotive/b-26010?sbf=Shop+Your+Way+MAX","name":"Shop Your Way Max"}],"name":"column"},{"css_class":"col two","child_menu_items":[{"css_class":"heading","name":"Parts & Accessories"},{"url":"/automotive-basics-car-care-detailing/b-1291493704?sName=View%20All","name":"Car Care & Detailing"},{"url":"/automotive-interior-accessories-floor-mats-floor-liners/b-1291479400?sName=View%20All","name":"Floor Mats & Floor Liners"},{"url":"/automotive-exterior-accessories-racks-carriers/b-1291485025?sName=View%20All","name":"Racks & Carriers"},{"url":"/automotive-replacement-auto-parts-wiper-blades/b-1291498715","name":"Wiper Blades"},{"url":"/automotive-basics/b-1291485104?sName=View%20All","name":"Automotive Basics"},{"url":"/automotive-exterior-accessories/b-1291485090?sName=View%20All","name":"Exterior Accessories"},{"url":"/automotive-interior-accessories/b-1291485077?sName=View%20All","name":"Interior Accessories"},{"url":"/automotive-replacement-auto-parts/b-1291485131?sName=View%20All","name":"Replacement Auto Parts"},{"url":"/automotive-outdoor-shelter/b-26636?sName=View%20All","name":"Outdoor Shelters"},{"url":"/automotive-towing-hitches/b-1291485151?sName=View%20All","name":"Towing & Hitches"}],"name":"column"}],"name":"Automotive"},{"url":"/en_us/baby-kids.html","child_menu_items":[{"css_class":"col one","child_menu_items":[{"css_class":"heading","name":"What&#39;s Hot Now!!!"},{"url":"/baby/b-20003?sbf=Clearance","name":"Baby Clearance"},{"url":"/kids/b-1286234614?sbf=Clearance","name":"Kids&#39; Clearance"},{"css_class":"heading","name":"Baby & Toddler Room"},{"url":"/baby-furniture/b-26306","name":"Baby Furniture"},{"url":"/baby-bedding/b-26303","name":"Bedding & Decor"},{"url":"/baby-toddler-furniture/b-1221278457","name":"Toddler Furniture"},{"css_class":"heading","name":"Baby Gear & Travel"},{"url":"/baby-car-seats-strollers/b-1220250004","name":"Car Seats & Strollers"},{"url":"/baby-gear-carriers-slings-backpacks/b-20262","name":"Carriers, Slings & Backpacks"},{"url":"/baby-feeding-high-chairs-boosters&Kmart/b-20280?filter=storeOrigin&keywordSearch=false&previousSort=ORIGINAL_SORT_ORDER&viewItems=50","name":"High Chairs"},{"url":"/baby-gear-play-yards&Kmart/b-20264?filter=storeOrigin&keywordSearch=false&previousSort=ORIGINAL_SORT_ORDER&viewItems=50","name":"Play Yards"},{"url":"/baby-gear-swings-bouncers&Kmart/b-20257?filter=storeOrigin&keywordSearch=false&sortOption=ORIGINAL_SORT_ORDER&previousSort=ORIGINAL_SORT_ORDER&viewItems=50","name":"Swings & Bouncers"},{"url":"/baby-gear-baby-toys&Kmart/b-1220259346?filter=storeOrigin&previousSort=ORIGINAL_SORT_ORDER&viewItems=50","name":"Toys & Activity Centers"},{"url":"/baby-gear-travel-accessories&Kmart/b-1220292204?filter=storeOrigin&previousSort=ORIGINAL_SORT_ORDER&viewItems=50","name":"Travel Accessories"},{"url":"/baby-gear-walkers-jumpers&Kmart/b-20259?filter=storeOrigin&previousSort=ORIGINAL_SORT_ORDER&viewItems=50","name":"Walkers & Jumpers"},{"url":"/baby-gear/b-20028?subCatView=true","name":"View All Baby Gear"},{"css_class":"heading","name":"Baby Essentials"},{"url":"/baby-diapering/b-20029","name":"Diapering"},{"url":"/baby-feeding/b-20030","name":"Feeding"},{"url":"/baby-food-nutrition/b-26304","name":"Food & Nutrition"},{"url":"/baby-health-safety/b-20027","name":"Health & Safety"}],"name":"column"},{"css_class":"col two","child_menu_items":[{"css_class":"heading","url":"/baby-toddler-clothing/b-26349","name":"Infant & Toddler Clothing"},{"url":"/baby-toddler-clothing&Newborn_Girls_Unisex_Kmart/b-26349?filter=Size_Gender_Gender_storeOrigin&keywordSearch=false&previousSort=ORIGINAL_SORT_ORDER&subCatView=true&viewItems=50","name":"Girls Newborn"},{"url":"/baby-toddler-clothing&Girls_Unisex_Kmart/b-26349?filter=Gender_Gender_storeOrigin&keywordSearch=false&previousSort=ORIGINAL_SORT_ORDER&subCatView=true&viewItems=50","name":"Girls Infant & Toddler"},{"url":"/baby-toddler-clothing&Boys_Unisex_0-3 months_Newborn_Kmart/b-26349?filter=Gender_Gender_Size_Size_storeOrigin&keywordSearch=false&sortOption=ORIGINAL_SORT_ORDER&previousSort=ORIGINAL_SORT_ORDER&subCatView=true&viewItems=50","name":"Boys Newborn"},{"url":"/baby-toddler-clothing&Boys_Unisex_Kmart/b-26349?filter=Gender_Gender_storeOrigin&keywordSearch=false&previousSort=ORIGINAL_SORT_ORDER&subCatView=true&viewItems=50","name":"Boys Infant & Toddler"},{"css_class":"heading","url":"/kids-clothing-accessories/b-1286242037","name":"Kids&#39; Clothing"},{"url":"/kids-clothing-accessories-girls-clothing/b-1286242099","name":"Girls Clothing"},{"url":"/clothing-outfits-for-kids&Girls/b-1221759567?filter=Gender&previousSort=ORIGINAL_SORT_ORDER&viewItems=50","name":"Girls Outfits"},{"url":"/kids-clothing-accessories-girls-clothing/b-1286242099","name":"Boys Clothing"},{"url":"/clothing-outfits-for-kids&Boys/b-1221759567?filter=Gender&previousSort=ORIGINAL_SORT_ORDER&viewItems=50","name":"Boys Outfits"},{"url":"/kids-dresswear-shop/b-1286242044?subCatView=true","name":"Kids&#39; Dresswear"},{"url":"/kids-clothing-accessories/b-1286242037","name":"View All Kids&#39; Clothing"},{"css_class":"heading","name":"Kids Shops"},{"url":"/kids-shoes/b-1286242068?subCatView=true","name":"Kids&#39; Shoes"},{"url":"/kids-furniture-storage/b-1286242072","name":"Kids&#39; Furniture & Storage"},{"url":"/kids-bed-bath/b-1286242031?subCatView=true","name":"Kids&#39; Bed & Bath"},{"url":"/kids-character-shop/b-1286242034?subCatView=true","name":"Kids&#39; Character Shop"},{"url":"/toys-games/b-20007?adCell=WH","name":"Kids&#39; Toys & Games"},{"url":"/kids-fitness-outdoors/b-1286242052","name":"Kids&#39; Fitness & Outdoors"},{"url":"/kids-dresswear-shop/b-1286242044?subCatView=true","name":"Kids&#39; Clothing & Accessories"},{"url":"/kids-dresswear-shop/b-1286242044?subCatView=true","name":"Kids&#39; Dresswear Shop"}],"name":"column"}],"name":"Baby & Kids"},{"url":"/beauty/b-25104?adCell=WH","child_menu_items":[{"css_class":"col one","child_menu_items":[{"css_class":"heading","url":"/beauty/b-25104","name":"Beauty"},{"css_class":"heading","name":"Top Brands"},{"url":"/beauty/b-25104?sbf=Brand&sbv=Sally+Hansen&sortOption=ORIGINAL_SORT_ORDER&subCatView=true&viewItems=50&ttqa=lor","name":"Sally Hansen\r\n"},{"url":"/beauty-skin-care/b-25109?sbf=Brand&sbv=Jaclyn+Smith+Beauty&sortOption=ORIGINAL_SORT_ORDER&subCatView=true&viewItems=50&ttqa=nl","name":"Jaclyn Smith Beauty\r\n"},{"url":"/beauty/b-25104?sbf=Brand&sbv=CoverGirl&sortOption=ORIGINAL_SORT_ORDER&subCatView=true&viewItems=50&ttqa=lor","name":"CoverGirl\r\n"},{"url":"/beauty/b-25104?sbf=Brand&sbv=Garnier&sortOption=ORIGINAL_SORT_ORDER&subCatView=true&viewItems=50&ttqa=lor","name":"Garnier\r\n"},{"url":"/beauty/b-25104?sbf=Brand&sbv=L%27Oreal&sortOption=ORIGINAL_SORT_ORDER&subCatView=true&viewItems=50&ttqa=lor","name":"L&#39;Oreal\r\n"},{"url":"/beauty/b-25104?sbf=Brand&sbv=Olay&sortOption=ORIGINAL_SORT_ORDER&subCatView=true&viewItems=50&ttqa=lor","name":"Olay\r\n"},{"css_class":"heading","name":"Makeup & Cosmetics"},{"url":"/beauty-accessories/b-25115?sortOption=ORIGINAL_SORT_ORDER&subCatView=true&viewItems=50&ttqa=lor","name":"Beauty Accessories"},{"url":"/beauty-eyes/b-25113?sortOption=ORIGINAL_SORT_ORDER&subCatView=true&viewItems=50&ttqa=lor","name":"Eyes"},{"url":"/beauty-face/b-25108?sortOption=ORIGINAL_SORT_ORDER&subCatView=true&viewItems=50&ttqa=lor","name":"Face"},{"url":"/beauty-lips/b-25117?sortOption=ORIGINAL_SORT_ORDER&subCatView=true&viewItems=50&ttqa=lor","name":"Lips"},{"url":"/beauty-nails/b-25112?sortOption=ORIGINAL_SORT_ORDER&subCatView=true&viewItems=50&ttqa=lor","name":"Nails"},{"css_class":"heading","url":"/beauty-fragrance/b-25110?sortOption=ORIGINAL_SORT_ORDER&subCatView=true&viewItems=50&ttqa=lor","name":"Fragrances"},{"url":"/beauty-fragrance-men-s-fragrance/b-25161?sortOption=ORIGINAL_SORT_ORDER&subCatView=true&viewItems=50&ttqa=lor","name":"Men&#39;s Cologne"},{"url":"/beauty-fragrance-women-s-fragrance/b-25143?sortOption=ORIGINAL_SORT_ORDER&subCatView=true&viewItems=50&ttqa=lor","name":"Women&#39;s Perfume"},{"url":"/beauty-fragrance-unisex-fragrance/b-25436?sortOption=ORIGINAL_SORT_ORDER&subCatView=true&viewItems=50&ttqa=lor","name":"Unisex Fragrances\r\n"},{"url":"/beauty-fragrance-gift-sets/b-25126?sortOption=ORIGINAL_SORT_ORDER&subCatView=true&viewItems=50&ttqa=lor","name":"Fragrance Gift Sets\r\n"},{"css_class":"heading","url":"/beauty-hair-care/b-25105?sortOption=ORIGINAL_SORT_ORDER&subCatView=true&viewItems=50&ttqa=lor","name":"Hair Care\r\n"},{"url":"/beauty-hair-care-hair-appliances/b-25122?sortOption=ORIGINAL_SORT_ORDER&subCatView=true&viewItems=50&ttqa=lor","name":"Hair Appliances\r\n"},{"url":"/beauty-hair-care-hair-accessories/b-33167?sortOption=ORIGINAL_SORT_ORDER&subCatView=true&viewItems=50&ttqa=lor","name":"Hair Accessories\r\n"},{"url":"/beauty-hair-care-salon-hair-care/b-25139?sortOption=ORIGINAL_SORT_ORDER&subCatView=true&viewItems=50&ttqa=lor","name":"Salon Hair Care\r\n"},{"url":"/beauty-hair-care-shampoos/b-25118?sortOption=ORIGINAL_SORT_ORDER&subCatView=true&viewItems=50&ttqa=lor","name":"Shampoo\r\n"},{"url":"/beauty-hair-care-conditioner/b-25176?sortOption=ORIGINAL_SORT_ORDER&subCatView=true&viewItems=50&ttqa=lor","name":"Conditioner\r\n"},{"url":"/beauty-shaving-hair-removal/b-25107?sortOption=ORIGINAL_SORT_ORDER&subCatView=true&viewItems=50&ttqa=lor","name":"Shaving and Trimmers\r\n"},{"css_class":"heading","name":"Personal Care Products"},{"url":"/beauty-skin-care/b-25109?sortOption=ORIGINAL_SORT_ORDER&subCatView=true&viewItems=50&ttqa=lor","name":"Skin Care"},{"url":"/beauty-sun-care/b-25199?sortOption=ORIGINAL_SORT_ORDER&subCatView=true&viewItems=50&ttqa=lor","name":"Sun Care"},{"url":"/beauty-travel-sizes/b-25339?sortOption=ORIGINAL_SORT_ORDER&subCatView=true&viewItems=50&ttqa=lor","name":"Travel Packs"},{"url":"/beauty-bath-body/b-25106?sortOption=ORIGINAL_SORT_ORDER&subCatView=true&viewItems=50&ttqa=lor","name":"Bath & Body"}],"name":"column"},{"css_class":"col two","child_menu_items":[{"css_class":"heading","url":"/health-wellness/b-24985","name":"Health & Wellness"},{"css_class":"heading","url":"/health-wellness-vitamins-supplements/b-24992?sortOption=ORIGINAL_SORT_ORDER&subCatView=true&viewItems=50&ttqa=lor","name":"Vitamins & Supplements"},{"url":"/health-wellness-vitamins-supplements-minerals/b-25071?sortOption=ORIGINAL_SORT_ORDER&subCatView=true&viewItems=50&ttqa=lor","name":"Minerals\r\n"},{"url":"/health-wellness-vitamins-supplements/b-25038?sortOption=ORIGINAL_SORT_ORDER&subCatView=true&viewItems=50&ttqa=lor","name":"Supplements\r\n"},{"url":"/health-wellness-vitamins-supplements-vitamins/b-25102?sortOption=ORIGINAL_SORT_ORDER&subCatView=true&viewItems=50&ttqa=lor","name":"Vitamins\r\n"},{"url":"/health-wellness-diet-nutrition/b-24986?sortOption=ORIGINAL_SORT_ORDER&subCatView=true&viewItems=50&ttqa=lor","name":"Diet &  Nutrition"},{"css_class":"heading","url":"/health-wellness-mobility-aids-equipment/b-1298308348?sortOption=ORIGINAL_SORT_ORDER&subCatView=true&viewItems=50&ttqa=lor","name":"Mobility"},{"url":"/health-wellness-mobility-aids-equipment-canes/b-26444?sortOption=ORIGINAL_SORT_ORDER&subCatView=true&viewItems=50&ttqa=lor","name":"Canes\r\n"},{"url":"/health-wellness-mobility-aids-equipment-crutches/b-25039?sortOption=ORIGINAL_SORT_ORDER&subCatView=true&viewItems=50&ttqa=lor","name":"Crutches\r\n"},{"url":"/health-wellness-mobility-aids-equipment-walkers/b-25103?sortOption=ORIGINAL_SORT_ORDER&subCatView=true&viewItems=50&ttqa=lor","name":"Walkers\r\n"},{"url":"/health-wellness-daily-living-aids/b-25004?sortOption=ORIGINAL_SORT_ORDER&subCatView=true&viewItems=50&ttqa=lor","name":"Daily Living Aids\r\n"},{"url":"/health-wellness-bathroom-safety/b-24998?sortOption=ORIGINAL_SORT_ORDER&subCatView=true&viewItems=50&ttqa=lor","name":"Bathroom Safety\r\n"},{"css_class":"heading","url":"/health-wellness-incontinence/b-25003?sortOption=ORIGINAL_SORT_ORDER&subCatView=true&viewItems=50&ttqa=lor","name":"Incontinence"},{"url":"/health-wellness-incontinence-briefs-undergarments/b-25065?sortOption=ORIGINAL_SORT_ORDER&subCatView=true&viewItems=50&ttqa=lor","name":"Briefs & Undergarments\r\n"},{"url":"/health-wellness-incontinence-pads-pantiliners/b-25029?sortOption=ORIGINAL_SORT_ORDER&subCatView=true&viewItems=50&ttqa=lor","name":"Pads & Pantiliners\r\n"},{"css_class":"heading","url":"/health-wellness-medicine-cabinet/b-24993?subCatView=true&ttqa=lor","name":"Medicine Cabinet"},{"url":"/health-wellness-medicine-cabinet-allergy-sinus/b-25093?sortOption=ORIGINAL_SORT_ORDER&subCatView=true&viewItems=50&ttqa=lor","name":"Allergy & Sinus"},{"url":"/health-wellness-medicine-cabinet-cough-cold-flu/b-25059?sortOption=ORIGINAL_SORT_ORDER&subCatView=true&viewItems=50&ttqa=lor","name":"Cold, Cough & Flu"},{"url":"/health-wellness-first-aid/b-25001?sortOption=ORIGINAL_SORT_ORDER&subCatView=true&viewItems=50&ttqa=lor","name":"First Aid"},{"url":"/health-wellness-eye-ear-care/b-24995?sortOption=ORIGINAL_SORT_ORDER&subCatView=true&viewItems=50&ttqa=lor","name":"Eye & Ear Care"},{"url":"/health-wellness-diabetic-care/b-24997?sortOption=ORIGINAL_SORT_ORDER&subCatView=true&viewItems=50&ttqa=lor","name":"Diabetic Care"},{"url":"/health-wellness-health-monitoring-blood-pressure-monitors/b-25035?sortOption=ORIGINAL_SORT_ORDER&subCatView=true&viewItems=50&ttqa=lor","name":"Blood Pressure Monitors\r\n"},{"url":"/health-wellness-medicine-cabinet-digestive-aids/b-25026?sortOption=ORIGINAL_SORT_ORDER&subCatView=true&viewItems=50&ttqa=lor","name":"Digestive Aids"},{"url":"/health-wellness-medicine-cabinet-pain-relief/b-25019?sortOption=ORIGINAL_SORT_ORDER&subCatView=true&viewItems=50&ttqa=lor","name":"Pain Relief"},{"css_class":"heading","name":"Personal Care\r\n"},{"url":"/health-wellness-oral-care/b-25000?sortOption=ORIGINAL_SORT_ORDER&subCatView=true&viewItems=50&ttqa=lor","name":"Oral Care\r\n"},{"url":"/health-wellness-foot-care/b-24994?sortOption=ORIGINAL_SORT_ORDER&subCatView=true&viewItems=50&ttqa=lor","name":"Foot Care\r\n"},{"url":"/health-wellness-women-s-health/b-24987?sortOption=ORIGINAL_SORT_ORDER&subCatView=true&viewItems=50&ttqa=lor","name":"Women&#39;s Health\r\n"},{"url":"/health-wellness-family-planning/b-24988?sortOption=ORIGINAL_SORT_ORDER&subCatView=true&viewItems=50&ttqa=lor","name":"Family Planning\r\n"},{"url":"/health-wellness-smoking-cessation/b-24999?sortOption=ORIGINAL_SORT_ORDER&subCatView=true&viewItems=50&ttqa=lor","name":"Smoking Cessation\r\n"}],"name":"column"}],"name":"Beauty & Health"},{"url":"/bed-bath/b-20013?adCell=WH","child_menu_items":[{"css_class":"col one","child_menu_items":[{"css_class":"heading","name":"Seasonal"},{"url":"/bed-bath-seasonal-bedding-cold-weather-bedding&Blankets_Oversized%20Throws_Electric_Throws/b-1219499196?filter=Item Type_Item Type_Item Type_Item Type&previousSort=ORIGINAL_SORT_ORDER&viewItems=50","name":"Blankets & Throws"},{"url":"/bed-bath-seasonal-bedding-cold-weather-bedding&Sheet%20set/b-1219499196?filter=Item Type&previousSort=ORIGINAL_SORT_ORDER&viewItems=50","name":"Flannel & Fleece Sheets"},{"url":"/bed-bath-seasonal-bedding-cold-weather-bedding&Comforter_Featherbed/b-1219499196?filter=Item Type_Item Type&previousSort=ORIGINAL_SORT_ORDER&viewItems=50","name":"Cold Weather Comforters"},{"css_class":"heading","name":"Bath"},{"url":"/bed-bath-towels-rugs-bath-towels/b-1219498023?adCell=WF","name":"Bath Towels"},{"url":"/bed-bath-towels-rugs-bath-rugs-mats/b-1219498017?adCell=WF","name":"Bath Rugs & Mats"},{"url":"/bed-bath-shower-curtains-accessories/b-1219481683?sName=View+All&adCell=WF","name":"Shower Curtains & Accessories"},{"css_class":"heading","name":"Kids Categories"},{"url":"/bed-bath-kids-bath/b-24717?sName=View+All&adCell=WF","name":"Kids&#39; Bath"},{"url":"/bed-bath-kids-bedding/b-1219993814?sName=View+All&adCell=WF","name":"Kids&#39; Bedding"},{"url":"/bed-bath-kids-bedding-kids-blankets-throws/b-1219998106","name":"Kids&#39; Blankets & Throws"},{"css_class":"heading","name":"Bath Hardware"},{"url":"/bed-bath-utility-hardware/b-24721?adCell=WF","name":"Bath Utility & Hardware"},{"url":"/bed-bath-bathroom-storage/b-1219481677?adCell=WF","name":"Bathroom Storage"},{"url":"/bed-bath-furniture/b-24713?adCell=WF","name":"Bathroom Furniture"}],"name":"column"},{"css_class":"col two","child_menu_items":[{"css_class":"heading","name":"Bedding"},{"url":"/bed-bath-decorative-bedding-collections&Kmart/b-1237796012?filter=storeOrigin&keywordSearch=false&previousSort=ORIGINAL_SORT_ORDER&viewItems=25","name":"Bedding Collections"},{"url":"/bed-bath-decorative-bedding-comforters-sets/b-24885?adCell=WF","name":"Comforters & Sets"},{"url":"/bed-bath-bedding-essentials-sheets/b-21090?adCell=WF","name":"Sheets"},{"url":"/bed-bath-decorative-bedding-quilts-coverlets/b-24941?adCell=WF","name":"Quilts & Coverlets"},{"url":"/bed-bath-decorative-bedding-bedspreads/b-31466?adCell=WF","name":"Bedspreads"},{"url":"/bed-bath-decorative-bedding-decorative-pillows-shams/b-24911?adCell=WF","name":"Decorative Pillows & Shams"},{"url":"/bed-bath-decorative-bedding-bed-skirts/b-24915?adCell=WF","name":"Bed Skirts"},{"url":"/bed-bath-bedding-essentials-blankets-throws/b-21500?adCell=WF","name":"Blankets & Throws"},{"url":"/bed-bath-bedding-essentials-down-comforters-featherbeds/b-23735?adCell=WF","name":"Down Comforters & Featherbeds"},{"url":"/bed-bath-bedding-essentials-down-alternative-comforters/b-1220514765?adCell=WF","name":"Down Alternative Comforters"},{"url":"/bed-bath-decorative-bedding-duvet-comforter-covers/b-24882?adCell=WF","name":"Duvet & Comforter Covers"},{"url":"/bed-bath-decorative-bedding-canopies-bed-tents/b-1220009487?adCell=WF","name":"Canopies & Bed Tents"},{"css_class":"heading","name":"Mattress Pads & Pillows"},{"url":"/bed-bath-mattress-pads-pillows-mattress-pads-protectors/b-1219499133?adCell=WF","name":"Mattress Pads & Protectors"},{"url":"/bed-bath-mattress-pads-pillows/b-1219499154?adCell=WF","name":"Pillows"},{"url":"/bed-bath-memory-foam-shop/b-1219481689?sName=View%20All&adCell=WF","name":"Memory Foam Shop"}],"name":"column"}],"name":"Bed & Bath"},{"url":"/books-magazines/b-26062?adCell=WH","child_menu_items":[{"css_class":"col one","child_menu_items":[{"css_class":"heading","name":"Magazines"},{"url":"/books-magazines-cooking/b-26210","name":"Cooking Magazines"},{"url":"/books-magazines-entertainment/b-26083","name":"Entertainment Magazines"},{"url":"/books-magazines-health-fitness/b-26193","name":"Health & Fitness Magazines"},{"url":"//books.sears.com/TRP/actions/searchHandler.do?zoneID=BH17&key=BB_BIO&nextPage=CATALOG&parentNum=11532","name":"Home Decorating Magazines"},{"url":"/books-magazines-men-s/b-26192","name":"Men&#39;s Magazines"},{"url":"/books-magazines-parenting-family/b-26198","name":"Parenting & Family Magazines"},{"url":"/books-magazines-women-s/b-26064","name":"Women&#39;s Magazines"}],"name":"column"},{"css_class":"col two","child_menu_items":[{"url":"/books-magazines/b-26062","name":"Shop All Magazines"},{"css_class":"heading","name":"Books"},{"url":"/books-magazines-books-cooking/b-31945 ","name":"Cooking"},{"url":"/books-magazines-books-fiction/b-31978 ","name":"Fiction"},{"url":"/books-magazines-books-non-fiction/b-31738 ","name":"Non-Fiction"},{"url":"/books-magazines-books-self-help/b-31544 ","name":"Self Help"},{"url":"/books-magazines-books-all-books/b-31465","name":"Shop All Books on Kmart"}],"name":"column"}],"name":"Books & Magazines"},{"url":"/clothing/b-20008?adCell=WH","child_menu_items":[{"css_class":"col one","child_menu_items":[{"css_class":"heading","name":"Women&#39;s Clothing"},{"url":"/clothing-women-s/b-20070?adCell=WF","name":"Women&#39;s"},{"url":"/clothing-petite/b-24153?adCell=WF","name":"Women&#39;s Petite"},{"url":"/clothing-women-s-plus/b-24151?adCell=WF","name":"Women&#39;s Plus"},{"url":"/clothing-juniors/b-20151?adCell=WF","name":"Juniors&#39;"},{"url":"/clothing-juniors-plus/b-22028?adCell=WF","name":"Juniors&#39; Plus"},{"url":"/clothing-intimates/b-21350?adCell=WF","name":"Intimates & Sleepwear"},{"url":"/clothing-women-s-dresses&Kmart/b-24133?filter=storeOrigin&keywordSearch=false&viewItems=50&adCell=WF","name":"Women&#39;s Dresses"},{"url":"/clothing-maternity/b-24204?keywordSearch=false&previousSort=ORIGINAL_SORT_ORDER&adCell=WF","name":"Maternity & Nursing"},{"url":"/clothing-handbags-accessories/b-21960?adCell=WF","name":"Handbags & Accessories"},{"url":"/jewelry-fashion-jewelry/b-20065?adCell=WF","name":"Fashion Jewelry"},{"url":"/search=sofia%20vergara%20clothing?keywordSearch=false&vName=Clothing&catalogId=10104&previousSort=ORIGINAL_SORT_ORDER&viewItems=50&storeId=10151&adCell=WF","name":"Sofia by Sofia Vergara"},{"url":"/clothing-outfits-for-her/b-1221759566?keywordSearch=false&previousSort=ORIGINAL_SORT_ORDER&viewItems=50&adCell=WF","name":"Outfits for Her"},{"css_class":"heading","name":"Men&#39;s Clothing"},{"url":"/clothing-men-s/b-20068?adCell=WF","name":"Men&#39;s"},{"url":"/clothing-men-s-underwear&Kmart/b-1267113513?filter=storeOrigin","name":"Men&#39;s Underwear"},{"url":"/clothing-men-s-socks&Kmart/b-1267113522?filter=storeOrigin&adCell=WF&adCell=WF","name":"Men&#39;s Socks"},{"url":"/clothing-men-s-big-tall/b-24240?adCell=WF","name":"Men&#39;s Big & Tall"},{"url":"/clothing-young-men-s/b-23477?adCell=WF","name":"Young Men&#39;s"},{"url":"/clothing-men-s-accessories&Kmart/b-21032?filter=storeOrigin&keywordSearch=false&previousSort=ORIGINAL_SORT_ORDER&viewItems=50","name":"Men&#39;s Accessories"},{"url":"/clothing-outfits-for-him/b-25335?adCell=WF","name":"Outfits for Him"},{"css_class":"heading","name":"Great Savings"},{"url":"/clothing/b-20008?sbf=Sale&adCell=WF","name":"All On Sale"},{"url":"/clothing/b-20008?sbf=Clearance&adCell=WF","name":"All Clearance"},{"url":"/everyday-great-price-all-egp/dcp-120000000241862?keywordSearch=false&sortOption=PRICE_LOW_TO_HIGH&previousSort=ORIGINAL_SORT_ORDER&viewItems=50&sName=All+EGP&cName=Everyday+Great+Price&adCell=WF","name":"All Everyday Great Price"},{"url":"/clothing/b-20008?sbf=layaway","name":"Layaway Eligible\r\n"}],"name":"column"},{"css_class":"col two","child_menu_items":[{"css_class":"heading","name":"What&#39;s Hot Now"},{"url":"/search=sweaters&Kmart?filter=storeOrigin&keywordSearch=false&catalogId=10104&previousSort=ORIGINAL_SORT_ORDER&viewItems=50&storeId=10151&levels=Clothing","name":"Sweaters"},{"url":"/search=fleece%20clothing?part=&storeId=10151&url=","name":"Fleece"},{"url":"/en_us/dap/activewear-for-the-family.html ","name":"Activewear Shop"},{"url":"/kmart-denim-shop/dap-120000000360385","name":"Denim Shop"},{"url":"/search=outerwear","name":"Outerwear"},{"css_class":"heading","name":"Kids&#39; and Baby"},{"url":"/en_us/kids.html ","name":"Kids Shop"},{"url":"/clothing-girls/b-24297?adCell=WF","name":"Girls&#39;"},{"url":"/clothing-boys/b-24239?adCell=WF","name":"Boys&#39;"},{"url":"/baby-toddler-clothing/b-26349?adCell=WF","name":"Baby & Toddler"},{"url":"/clothing-outfits-for-kids/b-1221759567?adCell=WF","name":"Outfits for Kids"},{"css_class":"heading","name":"Featured Shops"},{"url":"/clothing-school-uniforms/b-20155?keywordSearch=false&adCell=WF","name":"School Uniforms"},{"url":"/clothing-outfits/b-1223083756","name":"Outfits for the Family"},{"url":"/kmartfashion/dap-120000000126395?adCell=WF&adCell=WF","name":"Kmart Fashion: Women&#39;s Trends"},{"url":"/style-sip/dap-120000000072294?adCell=WF&adCell=WF","name":"Stylesip: Junior&#39;s Trends"},{"url":"/workwear-uniforms/b-25347?adCell=WF&adCell=WF","name":"Workwear & Uniforms"},{"url":"/kmart-swim-shop-vacation-anywhere/dap-120000000340830?adcell=promoswimshop&adCell=W2&adCell=WF","name":"Swim Shop"},{"url":"/celebrity-week/dap-120000000393841?adCell=W2celebrityweek&adCell=W2","name":"Celebrity Shop"},{"css_class":"heading","name":"Helpful Guides"},{"url":"/shc/s/shc/s/dap_10151_10104_DAP_kmart-size-chart?adCell=WF","name":"Size Charts"}],"name":"column"}],"name":"Clothing"},{"url":"/tools/b-23417?adCell=WH","child_menu_items":[{"css_class":"col one","child_menu_items":[{"css_class":"heading","name":"Tools"},{"url":"/tools-air-compressors-air-tools/b-25720","name":"Air Compressors & Air Tools"},{"url":"/tools-bench-stationary-power-tools/b-25724","name":"Bench & Stationary Power Tools"},{"url":"/tools-corded-handheld-power-tools/b-1213346500","name":"Corded Power Tools"},{"url":"/tools-cordless-handheld-power-tools/b-1213346502","name":"Cordless Power Tools"},{"url":"/tools-hand-tools/b-25794","name":"Hand Tools"},{"url":"/tools-mechanics-auto-tools/b-25880","name":"Mechanics & Auto Tools"},{"url":"/tools-power-tool-accessories/b-25818","name":"Power Tool Accessories"},{"url":"/tools-ratchets-sockets/b-1214335084","name":"Ratchets & Sockets"},{"url":"/tools-wet-dry-vacs/b-25817","name":"Wet-Dry Vacs & Dust Collection"},{"url":"/tools-tool-sets/b-25879","name":"Tool Sets"},{"url":"/tools-tool-storage/b-25723","name":"Tool Storage"},{"url":"/tools-wrenches/b-1214335085","name":"Wrenches"}],"name":"column"},{"css_class":"col two","child_menu_items":[{"css_class":"heading","name":"DIY"},{"url":"/tools-bathroom/b-26226","name":"Bathroom"},{"url":"/appliances-fans-ceiling-fans/b-1202551815","name":"Ceiling Fans"},{"url":"/tools-flooring/b-26228","name":"Flooring"},{"url":"/tools-garage-door-openers/b-25725","name":"Garage Door Openers"},{"url":"/tools-garage-organization-shelving/b-25721","name":"Garage Organization"},{"url":"/tools-home-security-safety/b-25881","name":"Home Security & Safety"},{"url":"/tools-kitchen/b-26224","name":"Kitchen"},{"url":"/tools-lighting/b-1219226173","name":"Lighting"},{"url":"/tools-painting-supplies/b-25876","name":"Painting & Supplies"}],"name":"column"}],"name":"DIY & Tools "},{"url":"/tvs-electronics/b-1231469079?adCell=WH","child_menu_items":[{"css_class":"col one","child_menu_items":[{"url":"/kmart-hot-electronic-deals/dap-120000000140747","name":"Hot Weekly Deals"},{"css_class":"heading","name":"TV & Home Theater"},{"url":"/tvs-electronics-televisions/b-1231470597?adCell=WF","name":"Televisions"},{"url":"/tvs-electronics-home-theater-audio/b-1231470659?adCell=WF","name":"Home Theater & Audio"},{"url":"/tvs-electronics-blu-ray-dvd-players/b-1231470611?adCell=WF","name":"Blu-ray & DVD"},{"url":"/tvs-electronics-media-furniture/b-1231470631?adCell=WF","name":"TV Stands & Furniture"},{"url":"/tvs-electronics-media-furniture-tv-mounts-brackets/b-1231484980?adCell=WF","name":"Mounts"},{"url":"/tvs-electronics-tv-accessories/b-1231470601?adCell=WF","name":"Cables & Accessories"},{"url":"/tvs-electronics/b-1231469079","name":"View All TVs & Electronics"},{"css_class":"heading","name":"Cameras & Camcorders"},{"url":"/cameras-camcorders-digital-cameras-digital-point-shoot-cameras/b-1231504005?adCell=WF","name":"Point & Shoot Cameras"},{"url":"/cameras-camcorders-digital-cameras-digital-slr-cameras/b-1231504008?adCell=WF","name":"Digital SLR Cameras"},{"url":"/cameras-camcorders/b-1231470537?adCell=WF","name":"Camcorders"},{"url":"/cameras-camcorders-camera-camcorder-accessories/b-1231470543?adCell=WF","name":"Camera Cases & Accessories"},{"url":"/cameras-camcorders/b-1231468905","name":"View All Cameras & Camcorders"},{"css_class":"heading","name":"Video Games"},{"url":"/movies-music-gaming-wii/b-31096?adCell=WF&adCell=WF","name":"Wii U"},{"url":"/movies-music-gaming-wii/b-31096?adCell=WF","name":"Wii"},{"url":"/movies-music-gaming-xbox-360/b-31105?adCell=WF","name":"Xbox 360"},{"url":"/movies-music-gaming-playstation-3/b-31100?adCell=WF","name":"PlayStation 3"},{"url":"/movies-music-gaming-nintendo-3ds/b-32518?adCell=WF&adCell=WF","name":"Nintendo 3DS"},{"url":"/movies-music-gaming-nintendo-ds/b-31102?adCell=WF","name":"Nintendo DS"},{"url":"/movies-music-gaming/b-31093","name":"View All Video Gaming"},{"css_class":"heading","name":"Car & Portable Electronics"},{"url":"/tvs-electronics-portable-audio-electronics-mp3-players/b-1231486170?adCell=WF","name":"MP3 Players"},{"url":"/tvs-electronics-car-electronics-car-gps-systems/b-1231486124?adCell=WF","name":"GPS Systems"},{"url":"/tvs-electronics-car-electronics/b-1231470642?adCell=WF","name":"Car Electronics"},{"url":"/tvs-electronics-portable-audio-electronics/b-1231470647?adCell=WF","name":"Portable Electronics"},{"url":"/tvs-electronics-portable-audio-electronics-accessories/b-1231470653?adCell=WF","name":"Accessories"}],"name":"column"},{"css_class":"col two","child_menu_items":[{"url":"/tvs-electronics-portable-audio-electronics/b-1231470647","name":"View All Portable Electronics"},{"css_class":"heading","name":"Computers"},{"url":"/computers-laptops/b-1231470551?adCell=WF","name":"Laptops, Ultrabooks & Netbooks"},{"url":"/computers-desktops/b-1231470553?adCell=WF","name":"Desktops"},{"url":"/computers-monitors/b-1231471226?adCell=WF","name":"Monitors"},{"url":"/computers-printers-scanners/b-1231471232?adCell=WF","name":"Printers"},{"url":"/computers-computer-accessories/b-1231471240?adCell=WF","name":"Computer Accessories"},{"url":"/computers-networking/b-1231471229?adCell=WF","name":"Networking"},{"url":"/computers-memory-storage/b-1231471219?adCell=WF","name":"Drives & Memory Storage"},{"url":"/movies-music-gaming-software/b-31101?adCell=WF","name":"Software"},{"url":"/computers/b-1231468914","name":"View All Computers"},{"css_class":"heading","name":"Phones"},{"url":"/tvs-electronics-phones/b-1231470621?adCell=WF","name":"Phones"},{"url":"//kmartwireless.com/mobile/?referringdomain=kmart&refcode1=KMT_9999_001_E&CFlyout-CellPhones","name":"Cell Phone Specials"},{"url":"//kmartwireless.com/template/simpleautocontent.aspx?r=kmart&pageid=9625&refcode1=KMT_0611_001_HP-KmartWireless-UE","name":"Upgrade Checker"},{"url":"//kmartwireless.com/mobile/?referringdomain=kmart&refcode1=KMT_9999_001_E&CFlyout-CellPhones","name":"Cell Phones with Service"},{"url":"//kmartwireless.com/mobile/verizon-wireless.aspx?referringdomain=kmart&refcode1=KMT_9999_001_E&CFlyout-VZW","name":"Verizon Wireless Phones"},{"url":"//kmartwireless.com/mobile/sprint.aspx?referringdomain=kmart&refcode1=KMT_9999_001_E&CFlyout-SPR","name":"Sprint Phones"},{"url":"//kmartwireless.com/mobile/tmobile.aspx?referringdomain=kmart&refcode1=KMT_9999_001_E&CFlyout-TMO","name":"T-Mobile Phones"},{"url":"/tvs-electronics-phones-prepaid-cell-phones/b-1231484017?adCell=WF","name":"Pre-Paid Cell Phones"},{"url":"/tvs-electronics-phones/b-1231470621F","name":"View All Phones"},{"css_class":"heading","name":"Office Products"},{"url":"/office-products-office-furniture-storage/b-1231471249","name":"Office Furniture & Storage"},{"url":"/office-products-office-supplies/b-1231471263","name":"Office Supplies"},{"url":"/office-products-cleaning-janitorial-supplies/b-1231471259","name":"Cleaning & Janitorial Supplies"},{"url":"/office-products/b-1231468924","name":"View All Office Products"},{"css_class":"heading","name":"Other Links"},{"url":"//kmart.cebuyback.com/","name":"Electronics Trade In Program"},{"url":"/battery-finder/nb-100000000224019?adCell=WF","name":"Battery Finder"},{"url":"/search=refurbished+electronics?vName=TVs+%26+Electronics&autoRedirect=true&viewItems=50&redirectType=CAT_REC","name":"Refurbished Electronics"}],"name":"column"}],"name":"Electronics, TVs & Office"},{"url":"/fitness-sports/b-20004?adCell=WH","child_menu_items":[{"css_class":"col one","child_menu_items":[{"css_class":"heading","name":"Outdoors"},{"url":"/fitness-sports-camping-hiking/b-20119?adCell=WF","name":"Camping & Hiking"},{"url":"/fitness-sports-fishing/b-25438?adCell=WF","name":"Fishing"},{"url":"/fitness-sports-hunting/b-25441?adCell=WF","name":"Hunting"},{"url":"/fitness-sports-optics-binoculars/b-25439?adCell=WF","name":"Optics & Binoculars"},{"url":"/fitness-sports-paintball-airsoft/b-25437?adCell=WF","name":"Paintball & Airsoft"},{"css_class":"heading","name":"Wheeled Sports"},{"url":"/fitness-sports-bikes-accessories/b-25545?adCell=WF","name":"Bikes & Accessories"},{"url":"/fitness-sports-scooters/b-20115?adCell=WF","name":"Scooters"},{"url":"/fitness-sports-in-line-roller-skating/b-25549?adCell=WF","name":"Inline & Roller Skating"},{"url":"/fitness-sports-skateboarding/b-25535?adCell=WF","name":"Skateboards"},{"css_class":"heading","name":"Fitness & Excercise"},{"url":"/fitness-sports-ellipticals-elliptical-trainers/b-25415?adCell=WF","name":"Ellipticals"},{"url":"/fitness-sports-exercise-cycles/b-25373?adCell=WF","name":"Exercise Cycles"},{"url":"/fitness-sports-strength-weight-training/b-25378?adCell=WF","name":"Strength & Weight Training"},{"url":"/fitness-sports-treadmills/b-25395?adCell=WF","name":"Treadmills"},{"url":"/fitness-sports-boxing-mixed-martial-arts/b-25371?adCell=WF","name":"Boxing & Mixed Martial Arts"},{"url":"/fitness-sports-fitness-accessories/b-25374?adCell=WF","name":"Fitness Accessories"},{"url":"/fitness-sports-incline-trainers/b-26686?adCell=WF","name":"Incline Trainers"},{"url":"/fitness-sports-inversion/b-25379?adCell=WF","name":"Inversion"},{"url":"/fitness-sports-rowers-steppers/b-25370?adCell=WF","name":"Rowers & Steppers"},{"url":"/fitness-sports-yoga-pilates/b-25377?adCell=WF","name":"Yoga & Pilates"}],"name":"column"},{"css_class":"col two","child_menu_items":[{"css_class":"heading","name":"Sports Equipment"},{"url":"/fitness-sports-golf/b-22549?adCell=WF","name":"Golf"},{"url":"/fitness-sports-baseball-softball-t-ball/b-22553?adCell=WF","name":"Baseball & Softball"},{"url":"/fitness-sports-basketball/b-22552?adCell=WF","name":"Basketball"},{"url":"/fitness-sports-bowling/b-25514?adCell=WF","name":"Bowling"},{"url":"/fitness-sports-fan-memorabilia/b-20121?adCell=WF","name":"Fan & Memorbilia"},{"url":"/fitness-sports-football/b-22550?adCell=WF","name":"Football"},{"url":"/fitness-sports-ice-hockey/b-25440?adCell=WF","name":"Ice Hockey"},{"url":"/fitness-sports-racquet-sports/b-25372?adCell=WF","name":"Raquet Sports"},{"url":"/fitness-sports-soccer/b-25543?adCell=WF","name":"Soccer"},{"css_class":"heading","name":"Family Recreation"},{"url":"/fitness-sports-outdoor-games/b-25380?adCell=WF","name":"Outdoor Games"},{"url":"/fitness-sports-game-room/b-21346?adCell=WF","name":"Game Room"},{"url":"/fitness-sports-hot-tubs-saunas/b-21721?adCell=WF","name":"Hot Tubs & Saunas"},{"css_class":"heading","name":"Water Recreation"},{"url":"/fitness-sports-apparel-safety/b-25548?adCell=WF","name":"Apparel & Safety"},{"url":"/fitness-sports-boating/b-25534?adCell=WF","name":"Boating"},{"url":"/fitness-sports-scuba-swimming/b-25532?adCell=WF","name":"Scuba & Swimming"},{"url":"/fitness-sports-waterskiing-boarding/b-25547?adCell=WF","name":"Waterskiing & Boarding"},{"css_class":"heading","name":"Sears Replacement Parts & Services"},{"url":"//www.searspartsdirect.com/partsdirect/index.action?sid=MerchKmartxFitVertxReplacementParts","name":"Replacement Parts"},{"url":"//searshomeservices.com/repair?sid=MerchKmartxFitVertxRepair","name":"Product Repair"},{"url":"//searshomeservices.com/improve?sid=MerchKmartxFitVertxHomeImprove","name":"Home Improvement"}],"name":"column"}],"name":"Fitness & Sports"},{"url":"/for-the-home/b-20005?adCell=WH","child_menu_items":[{"css_class":"col one","child_menu_items":[{"css_class":"heading","name":"Featured Brands"},{"url":"/search=as+seen+on+tv+products&As%20Seen%20On%20TV?filter=Brand&vName=Appliances&cName=As+Seen+on+TV&viewItems=25&sortOption=VIEWS_HIGH_TO_LOW","name":"As Seen On TV"},{"url":"/search=corelle&Kmart?filter=storeOrigin&keywordSearch=false&vName=For+the+Home&catalogId=10104&previousSort=ORIGINAL_SORT_ORDER&viewItems=25&storeId=10151","name":"Corelle"},{"url":"/shc/s/search_10151_10104?keyword=Jaclyn+Smith&vName=For+the+Home","name":"Jaclyn Smith"},{"url":"/search=paula%20deen?vName=For+the+Home&keywordSearch=false&sortOption=UNITS_HIGH_TO_LOW&catalogId=10104&previousSort=ORIGINAL_SORT_ORDER&viewItems=25&storeId=10151","name":"Paula Deen"},{"url":"/search=sandra+lee?adCell=W3&sid=ISm20110506x000093&adCell=WF","name":"Sandra by Sandra Lee"},{"css_class":"heading","name":"Kitchen & Dining"},{"url":"/for-the-home-cookware/b-1230442664?adCell=WF","name":"Cookware"},{"url":"/for-the-home-bakeware/b-24876?adCell=WF","name":"Bakeware"},{"url":"/appliances-small-kitchen-appliances/b-20024?adCell=WF","name":"Small Kitchen Appliances"},{"url":"/for-the-home-tableware-everyday-dinnerware/b-1239803244?adCell=WF","name":"Dinnerware"},{"url":"/for-the-home-tableware-flatware/b-1239803273?adCell=WF","name":"Flatware"},{"url":"/for-the-home-tableware-drinkware/b-1239803226?adCell=WF","name":"Drinkware"},{"url":"/for-the-home-kitchen-linens/b-1230443750?adCell=WF","name":"Kitchen Linens"},{"url":"/for-the-home-table-linens/b-1232255102?sName=View%20All","name":"Table Linens"},{"css_class":"heading","name":"Storage & Organization"},{"url":"/for-the-home-decorative-storage/b-25597?sName=View%20All","name":"Decorative Storage"},{"url":"/for-the-home-closet-storage/b-1232255120","name":"Closet Storage"},{"url":"/for-the-home-kitchen-storage/b-24875","name":"Kitchen Storage"},{"css_class":"heading","name":"Crafts"},{"url":"/for-the-home-general-crafts/b-1232253869?adCell=WF","name":"General Crafts"},{"url":"/for-the-home-kids-crafts/b-1232253885?adCell=WF","name":"Kids&#39; Crafts"},{"url":"/for-the-home-knit-crochet/b-24965?adCell=WF","name":"Knit & Crochet"},{"url":"/for-the-home-painting/b-25521?adCell=WF","name":"Painting"},{"url":"/for-the-home-scrapbooking/b-1232255104?adCell=WF","name":"Scrapbooking"},{"url":"/for-the-home-sewing-quilting/b-24964?adCell=WF","name":"Sewing & Quilting"}],"name":"column"},{"css_class":"col two","child_menu_items":[{"css_class":"heading","name":"Window Treatments"},{"url":"/for-the-home-window-coverings-hardware-blinds-shades/b-22084?adCell=WF","name":"Blinds & Shades"},{"url":"/for-the-home-window-coverings-hardware-drapes-panels/b-22083?adCell=WF","name":"Drapes & Panels"},{"url":"/for-the-home-window-coverings-hardware-tier-curtains/b-24630?adCell=WF","name":"Tier Curtains"},{"url":"/for-the-home-window-coverings-hardware-window-treatment-hardware/b-1221779971?adCell=WF","name":"Window Treatment Hardware"},{"css_class":"heading","name":"Home Décor"},{"url":"/for-the-home-candles-home-fragrance-candles-candleholders/b-1223074403?keywordSearch=false&viewItems=50&adCell=WF","name":"Candles & Candleholders"},{"url":"/for-the-home-decor-accents/b-1230443744?adCell=WF","name":"Home Décor & Accents"},{"url":"/for-the-home-decor-accents-picture-frames-albums/b-1230454619","name":"Picture Frames & Albums"},{"url":"/for-the-home-lamps-lighting/b-1239795842?adCell=WF","name":"Lighting"},{"url":"/for-the-home-pillows-throws-slipcovers/b-24716?adCell=WF","name":"Pillows Throws & Slipcovers"},{"url":"/for-the-home-rugs/b-24719?adCell=WF","name":"Rugs"},{"url":"/for-the-home-wall-decor/b-24715?adCell=WF","name":"Wall Décor"},{"css_class":"heading","name":"Furniture & Mattresses"},{"url":"/furniture-mattresses/b-1221274818?adCell=WH","name":"Shop all Furniture"},{"url":"/furniture-mattresses-dining-kitchen-furniture/b-1221275067","name":"Dining & Kitchen Furniture"},{"url":"/furniture-mattresses-living-room-furniture/b-1221275125","name":"Living Room Furniture"},{"url":"/furniture-mattresses-bedroom-furniture/b-1221275059","name":"Bedroom Furniture"},{"url":"/furniture-mattresses/b-1221275135?storeId=10151&vName=Furniture+%26+Mattresses&isSEOCanonURL=true&cName=Mattresses&catalogId=10104&catgroupId=1221275135&catName=Mattresses&pageInd=Category&i_cntr=1343411208079&vertical=Furniture+%26+Mattresses","name":"Mattresses"},{"url":"/olan-mills/dap-100000000476002?adCell=WF","name":"Professional Photography"}],"name":"column"}],"name":"For the Home"},{"url":"/furniture-mattresses/b-1221274818?adCell=WH","child_menu_items":[{"css_class":"col one","child_menu_items":[{"css_class":"heading","name":"Furniture & Mattresses"},{"url":"/furniture-mattresses-dining-kitchen-furniture/b-1221275067?adCell=WF","name":"Dining Room Furniture"},{"url":"/furniture-mattresses-living-room-furniture/b-1221275125?adCell=WF","name":"Living Room Furniture"},{"url":"/furniture-mattresses-bedroom-furniture/b-1221275059?adCell=WF","name":"Bedroom Furniture"},{"url":"/furniture-mattresses-kids-room-furniture/b-1221275116?adCell=WF","name":"Kids&#39; Room Furniture"},{"url":"/furniture-mattresses-accent-furniture/b-1221537974?sName=View+All&adCell=WF","name":"Accent Furniture"}],"name":"column"},{"css_class":"col two","child_menu_items":[{"url":"/furniture-mattresses-bathroom-furniture/b-1221275051?sName=View+All&adCell=WF","name":"Bathroom Furniture"},{"url":"/furniture-mattresses-entryway-hallway-furniture/b-1221275076?sName=View+All&adCell=WF","name":"Entryway & Hallway Furniture"},{"url":"/furniture-mattresses-game-room-bar-furniture/b-1221275084?sName=View+All&adCell=WF","name":"Game Room & Bar Furniture"},{"url":"/furniture-mattresses-home-entertainment/b-1221275093?sName=View+All&adCell=WF","name":"Home Entertainment"},{"url":"/furniture-mattresses-home-office-furniture/b-1221275102?sName=View+All&adCell=WF","name":"Home Office Furniture"},{"url":"/furniture-mattresses-small-space-furniture/b-1221275148?adCell=WF","name":"Small Space Furniture"},{"url":"/furniture-mattresses/b-1221275135?storeId=10151&vName=Furniture+%26+Mattresses&isSEOCanonURL=true&cName=Mattresses&catalogId=10104&catgroupId=1221275135&catName=Mattresses&pageInd=Category&i_cntr=1343411208079&vertical=Furniture+%26+Mattresses&adCell=WF","name":"Mattresses"}],"name":"column"}],"name":"Furniture & Mattresses"},{"url":"/movies-music-gaming/b-31093","child_menu_items":[{"css_class":"col one","child_menu_items":[{"css_class":"heading","name":"Music"},{"url":"//entertainment.kmart.com/music/dcs?ex=new+relases","name":"New Releases"},{"url":"//entertainment.kmart.com/music/dcs?ex=top+sellers","name":"Top Sellers"},{"url":"//entertainment.kmart.com/music/dcs?ex=classical","name":"Classical Music"},{"css_class":"heading","name":"Movies"},{"url":"//entertainment.kmart.com/movies/dcs?ex=new+releases","name":"New Releases"},{"url":"//entertainment.kmart.com/movies/dcs?ex=coming+soon","name":"Coming Soon"},{"url":"//entertainment.kmart.com/movies/dcs?ex=blu+ray","name":"Blu-ray"},{"url":"//entertainment.kmart.com/movies/","name":"All Movies"},{"css_class":"heading","name":"TV Shows"},{"url":"//entertainment.kmart.com/movies/dcs?sp=tv+shows&ex=new+releases","name":"New Releases"},{"url":"//entertainment.kmart.com/movies/dcs?sp=tv+shows&ex=coming+soon","name":"Coming Soon"},{"url":"//entertainment.kmart.com/movies/dcs?sp=tv+shows&ft=blu-ray","name":"Blu-ray"},{"url":"//entertainment.kmart.com/movies/dcs?sp=tv+shows","name":"All TV Shows"}],"name":"column"},{"css_class":"col two","child_menu_items":[{"css_class":"heading","name":"Games"},{"url":"/movies-music-gaming-wii/b-31096?adCell=WF","name":"Wii U"},{"url":"/movies-music-gaming-wii/b-31096?adCell=WF","name":"Wii"},{"url":"/movies-music-gaming-xbox-one/b-1275220604","name":"Xbox One"},{"url":"/movies-music-gaming-xbox-360/b-31105?adCell=WF","name":"Xbox 360"},{"url":"/movies-music-gaming-playstation-4/b-1275220598","name":"PlayStation 4"},{"url":"/movies-music-gaming-playstation-3/b-31100?adCell=WF","name":"PlayStation 3"},{"url":"/movies-music-gaming-playstation-vita/b-35030?adCell=WF","name":"PlayStation Vita"},{"url":"/movies-music-gaming-playstation-2/b-31095?adCell=WF","name":"PlayStation 2"},{"url":"/movies-music-gaming-psp/b-31104?adCell=WF","name":"PSP"},{"url":"/movies-music-gaming-nintendo-ds/b-31102?adCell=WF","name":"Nintendo DS"},{"url":"/movies-music-gaming-nintendo-3ds/b-32518?adCell=WF","name":"Nintendo 3DS"},{"url":"/movies-music-gaming-classic-games/b-31097?adCell=WF","name":"Classic Games"},{"url":"/movies-music-gaming-software-all-software/b-22221?adCell=WF","name":"All Software"},{"url":"/gaming-preorders/dap-120000000234646?adCell=WF","name":"Pre-Order Games"}],"name":"column"}],"name":"Gaming, Music & Movies"},{"url":"/en_us/grocery-pet.html ","child_menu_items":[{"css_class":"col one","child_menu_items":[{"css_class":"heading","name":"Halloween Favorites"},{"url":"/food-grocery-gum-candy/b-26396?subCatView=true","name":"Sweets and Candy"},{"url":"/seasonal-halloween/b-33179","name":"All Halloween\r\n\r\n"},{"url":"/seasonal-halloween-masks-accessories&Trick%20or%20Treat%20Bags/b-33192?filter=Accessory%20Type&keywordSearch=false&previousSort=ORIGINAL_SORT_ORDER&viewItems=50","name":"Halloween Masks & Accessories \r\n"},{"url":"/food-grocery-snacks/b-26519?subCatView=true","name":"Snacks and short eats"},{"css_class":"heading","name":"Hot Deals of the week\r\n"},{"url":"/shc/s/dap_10151_10104_DAP_kmart-smart-sense#category=foodgrocery&prices=desc","name":"Shop Smart Sense\r\n"},{"css_class":"heading","name":"Household Supplies\r\n"},{"url":"/food-grocery-paper-goods/b-26585?subCatView=true","name":"Paper Towels\r\n"},{"url":"/food-grocery-dishwashing/b-26713?subCatView=true","name":"Dishwashing Liquid\r\n"},{"url":"/food-grocery-air-fresheners/b-26586?subCatView=true","name":"Air Freshener\r\n"},{"url":"/food-grocery-laundry-care/b-26380?subCatView=true","name":"Laundry Care Supplies\r\n"},{"url":"/food-grocery-cleaning-supplies/b-26362?subCatView=true","name":"Cleaning Supplies\r\n"},{"css_class":"heading","name":"General Grocery\r\n"},{"url":"/food-grocery-beverages/b-26291?subCatView=true","name":"Beverages"},{"url":"/food-grocery-breakfast-foods/b-26516?subCatView=true","name":"Breakfast Food\r\n"},{"url":"/food-grocery-meat/b-26518?subCatView=true","name":"Meat\r\n"},{"url":"/food-grocery-dairy/b-26589?subCatView=true","name":"Dairy\r\n"},{"url":"/food-grocery-bread-bakery/b-26520?subCatView=true","name":"Choice of Breads\r\n"},{"url":"/food-grocery-baking-supplies/b-26517?subCatView=true","name":"Bake with the best supplies\r\n"},{"css_class":"heading","url":"/food-grocery-general-grocery/b-26398?subCatView=true","name":"General Grocery\r\n"}],"name":"column"},{"css_class":"col two","child_menu_items":[{"css_class":"heading","name":"Pet Prescription Medication\r\n"},{"url":"//pharmacy.kmart.com/shc/RxPageView.do?page=petPrescriptions","name":"Free PetK Savings Program\r\n"},{"css_class":"heading","name":"Bird Supplies\r\n"},{"url":"/pet-supplies-bird-supplies-nests-nesting-materials/b-31733","name":"Nests & Nesting Materials\r\n"},{"url":"/pet-supplies-bird-supplies-food-water-dishes/b-26474","name":"Food & Water Dishes\r\n"},{"url":"/pet-supplies-bird-supplies/b-26161?subCatView=true","name":"Shop All Bird Supplies\r\n"},{"css_class":"heading","name":"Dog Supplies\r\n"},{"url":"/pet-supplies-dog-supplies-apparel/b-26101","name":"Pet Apparel"},{"url":"/pet-supplies-dog-supplies-dog-houses-outdoor-kennels/b-26097","name":"Dog Houses & Outdoor Kennels\r\n"},{"url":"/pet-supplies-dog-supplies/b-26093?subCatView=true","name":"Shop all Dog Supplies\r\n"},{"css_class":"heading","name":"Cat Supplies\r\n"},{"url":"/pet-supplies-cat-supplies-bowls-feeders-waterers/b-26110","name":"Bowls, Feeders & Waterers\r\n"},{"url":"/pet-supplies-cat-supplies-furniture-scratchers/b-26140","name":"Furniture & Scratchers\r\n"},{"url":"/pet-supplies-cat-supplies/b-26094?subCatView=true","name":"Shop All Cat Supplies\r\n"},{"css_class":"heading","name":"Fish & Aquatic Supplies\r\n"},{"url":"/pet-supplies-fish-aquatic-supplies-aquariums/b-26171","name":"Aquariums\r\n"},{"url":"/pet-supplies-fish-aquatic-supplies-vitamins-supplements-medications/b-26703","name":"Vitamins, Supplements & Medications\r\n"},{"url":"/pet-supplies-fish-aquatic-supplies/b-26163?subCatView=true","name":"Shop All Fish Supplies\r\n"},{"css_class":"heading","name":"Reptiles & Exotic species\r\n"},{"url":"/pet-supplies-reptile-exotics-supplies-habitats-terraniums/b-26664","name":"Habitats & Terrariums\r\n"},{"url":"/pet-supplies-reptile-exotics-supplies-food-water-dishes/b-26670","name":"Food & Water Dishes\r\n"},{"url":"/pet-supplies-reptile-exotics-supplies/b-26162?subCatView=true","name":"Shop All Reptile Supplies\r\n"}],"name":"column"}],"name":"Grocery & Pet"},{"url":"/jewelry/b-20006?adCell=WH","child_menu_items":[{"css_class":"col one","child_menu_items":[{"css_class":"heading","name":"Jewelry Type"},{"url":"/jewelry-rings/b-20103?adCell=WF","name":"Rings"},{"url":"/jewelry-earrings/b-20063?adCell=WF","name":"Earrings"},{"url":"/jewelry-bracelets/b-20060?adCell=WF","name":"Bracelets"},{"url":"/jewelry-pendants-necklaces/b-20173?adCell=WF","name":"Pendants & Necklaces"},{"url":"/jewelry-watches/b-23498?adCell=WF","name":"Watches"},{"css_class":"heading","name":"Stones & Metals"},{"url":"/jewelry-diamonds/b-24024?adCell=WF","name":"Diamonds"},{"url":"/jewelry-gemstones/b-20066?adCell=WF","name":"Gemstones"},{"url":"/jewelry-gold-jewelry/b-20098?adCell=WF","name":"Gold"},{"url":"/jewelry-sterling-silver/b-20105?adCell=WF","name":"Sterling Silver"}],"name":"column"},{"css_class":"col two","child_menu_items":[{"css_class":"heading","name":"Specialty Shops"},{"url":"/jewelry-wedding-anniversary/b-23568?adCell=WF","name":"Wedding & Anniversary"},{"url":"/jewelry-men-s-jewelry/b-21670?adCell=WF","name":"Men&#39;s Jewelry"},{"url":"/jewelry-childrens-jewelry/b-22509?adCell=WF","name":"Children&#39;s Jewelry"},{"url":"/jewelry-fashion-jewelry/b-20065?adCell=WF","name":"Fashion Jewelry"},{"url":"/jewelry-birthstones/b-24043?adCell=WF","name":"Birthstone Jewelry"},{"url":"/jewelry-boxes-jewelry-care/b-20061?adCell=WF","name":"Jewelry Boxes & Care"},{"url":"/jewelry-red-tag-event/b-23673?adCell=WF","name":"Red Tag Event"}],"name":"column"}],"name":"Jewelry & Watches"},{"url":"/lawn-garden/b-22192","child_menu_items":[{"css_class":"col one","child_menu_items":[{"css_class":"heading","name":"Lawn & Garden Equipment"},{"url":"/lawn-garden-lawn-mowers/b-24597?adCell=WF","name":"Lawn Mowers"},{"url":"/lawn-garden-trimmers-edgers/b-1255773378?adCell=WF","name":"Trimmers & Edgers"},{"url":"/lawn-garden-pressure-washers/b-24509?adCell=WF","name":"Pressure Washers"},{"url":"/lawn-garden-snow-removal-equipment/b-24495?adCell=WF","name":"Snow Removal Equipment"},{"url":"/lawn-garden-chain-saws/b-1255773381?adCell=WF","name":"Chain Saws"},{"url":"/lawn-garden-blowers-vacuums/b-1255773379?adCell=WF","name":"Blowers & Vacuums"},{"css_class":"heading","name":"Sears Replacement Parts & Services"},{"url":"//www.searspartsdirect.com/partsdirect/index.action?sid=MerchKmartxLGVertxReplacementParts","name":"Replacement Parts"},{"url":"//searshomeservices.com/repair?sid=MerchKmartxLGVertxRepair","name":"Product Repair"},{"url":"//services.sears.com/?sid=MerchKmartxLGVertxHomeServices","name":"Home Improvement"}],"name":"column"},{"css_class":"col two","child_menu_items":[{"css_class":"heading","name":"Lawn & Garden Tools"},{"url":"/lawn-garden-outdoor-tools-supplies-hand-gardening-tools/b-24502?adCell=WF","name":"Hand Gardening Tools"},{"url":"/lawn-garden-outdoor-tools-supplies-fertilizers-chemicals/b-26387?adCell=WF","name":"Fertilizers & Chemicals"},{"url":"/lawn-garden-outdoor-tools-supplies/b-24494?adCell=WF","name":"Outdoor Tools & Supplies"},{"url":"/lawn-garden-sheds-outdoor-storage/b-23145?adCell=WF","name":"Sheds & Outdoor Storage"},{"url":"/lawn-garden-watering-hoses-sprinklers/b-24493?adCell=WF","name":"Watering, Hoses & Sprinklers"}],"name":"column"}],"name":"Lawn & Garden"},{"url":"/outdoor-living/b-24529?adCell=WH","child_menu_items":[{"css_class":"col one","child_menu_items":[{"css_class":"heading","name":"Patio Furniture"},{"url":"/outdoor-living-patio-furniture/b-24532?sName=View%20All&adCell=WF","name":"Patio Sets - View All"},{"url":"/outdoor-living-patio-furniture-bistro-sets/b-24573?adCell=WF","name":"Bistro Sets"},{"url":"/outdoor-living-patio-furniture-casual-seating-sets/b-24556?adCell=WF","name":"Casual Seating Sets"},{"url":"/outdoor-living-patio-furniture-dining-sets/b-26441?adCell=WF","name":"Dining Sets"},{"css_class":"heading","name":"Individual Pieces"},{"url":"/outdoor-living-patio-furniture-adirondack/b-24583?adCell=WF","name":"Adirondack"},{"url":"/outdoor-living-patio-furniture-gliders-rockers/b-26454?adCell=WF","name":"Gliders & Rockers"},{"url":"/outdoor-living-patio-furniture-hammocks-accessories/b-26420?adCell=WF","name":"Hammocks"},{"url":"/outdoor-living-patio-furniture-swings/b-26421?adCell=WF","name":"Swings"},{"url":"/outdoor-living-patio-furniture/b-24532?adCell=WF","name":"More..."}],"name":"column"},{"css_class":"col two","child_menu_items":[{"css_class":"heading","name":"Patio Accessories"},{"url":"/outdoor-living-patio-furniture-covers/b-24571?adCell=WF","name":"Furniture Covers"},{"url":"/outdoor-living-patio-furniture-replacement-cushions/b-24554?adCell=WF","name":"Replacement Cushions"},{"url":"/outdoor-living-patio-furniture-patio-umbrellas-bases/b-24587?adCell=WF","name":"Umbrellas and Bases"},{"url":"/outdoor-living-patio-furniture/b-24532?adCell=WF","name":"More..."},{"css_class":"heading","name":"Outdoor Cooking"},{"url":"/outdoor-living-grills-outdoor-cooking-gas-grills/b-24576?adCell=WF","name":"Gas Grills"},{"url":"/outdoor-living-grills-outdoor-cooking-charcoal-grills/b-24559?adCell=WF","name":"Charcoal Grills"},{"url":"/outdoor-living-grills-outdoor-cooking-smokers-specialty-cookers/b-24592?adCell=WF","name":"Smokers & Specialty Cookers"},{"url":"/outdoor-living-grills-outdoor-cooking-tools/b-24574?adCell=WF","name":"Cooking Tools"},{"url":"/outdoor-living-grills-outdoor-cooking-grill-covers/b-24557?adCell=WF","name":"Grill Covers"},{"url":"/outdoor-living-grills-outdoor-cooking/b-24535?adCell=WF","name":"More..."},{"css_class":"heading","name":"Outdoor Entertaining"},{"url":"/outdoor-living-firepits-patio-heaters/b-24538?adCell=WF","name":"Firepits & Patio Heaters"},{"url":"/outdoor-living-gazebos-canopies-pergolas/b-24530?adCell=WF","name":"Gazebos, Canopies & Pergolas"},{"url":"/outdoor-living-outdoor-decor/b-24536?adCell=WF","name":"Outdoor Décor"},{"url":"/toys-games-pools-accessories&Kmart_Sears/b-20087?filter=Store_Store&viewItems=40&pageNum=1&sortOption=VIEWS_HIGH_TO_LOW&lastFilter=Store&adCell=WF","name":"Pools & Accessories"},{"url":"/toys-games-outdoor-play&Outdoor%20Playsets%20aMpeRd%20Accessories_Accessories_Parts_Slides_Swing%20sets/b-20088?filter=Category_Type_Type_Type_Type&viewItems=40&pageNum=1&sortOption=PRICE_HIGH_TO_LOW&lastFilter=Type&adCell=WF","name":"Swing Sets & Accessories"},{"css_class":"heading","name":"Outdoor Utility Products"},{"url":"/outdoor-living-awnings-shutters/b-24533?adCell=WF","name":"Awnings & Shutters"},{"url":"/outdoor-living-mailboxes-accessories/b-24539?adCell=WF","name":"Mailboxes & Accessories"},{"url":"/outdoor-living-outdoor-lighting/b-24540?adCell=WF","name":"Outdoor Lighting"},{"url":"/outdoor-living-patio-furniture-patio-deck-storage/b-24570?adCell=WF","name":"Patio & Deck Storage"},{"url":"/outdoor-living-pest-control/b-24537?adCell=WF","name":"Pest Control"},{"url":"/outdoor-living/b-24529?adCell=WF","name":"More..."}],"name":"column"}],"name":"Outdoor Living & Patio"},{"url":"/kmart-pharmacy-microsite/dap-100000000036522?adCell=WH","child_menu_items":[{"css_class":"col one","child_menu_items":[{"css_class":"heading","name":"Kmart Pharmacy"},{"url":"/kmart-pharmacy-microsite/dap-100000000036522","name":"My Prescription Profile"},{"css_class":"heading","name":"Time Savings"},{"url":"/kmart-pharmacy-auto-refill-program/dap-100000000245506","name":"Auto Refill"},{"url":"/kmartpharmacyhomedelivery/dap-120000000023003","name":"Home Delivery"},{"css_class":"heading","name":"Medicare Programs"},{"url":"/kmart-pharmacy-medicare-part-b/dap-100000000246511","name":"Medicare Part B"},{"url":"/kmart-pharmacy-medicare-part-d/dap-100000000246512","name":"Medicare Part D"},{"css_class":"heading","name":"Healthy Living Corner"},{"url":"/kmart-pharmacy-flu-vaccines/dap-100000000297507","name":"Flu Prevention"},{"url":"/kmart-pharmacy-everyday-health/dap-100000000245509","name":"Everyday Health"},{"url":"/kmart-pharmacy-diabetes-information/dap-100000000245508","name":"Diabetes Information"},{"url":"/kmart-pharmacy-fitness-center/dap-100000000246002","name":"Fitness Center"}],"name":"column"},{"css_class":"col two","child_menu_items":[{"css_class":"heading","name":"Shop Your Way™ Health"},{"url":"/en_us/shop-your-way-health/managing-health-conditions.html","name":"Managing Health Conditions"},{"url":"/en_us/shop-your-way-health/treating-an-illness.html","name":"Treating an Illness"},{"url":"/en_us/shop-your-way-health/treating-an-injury.html","name":"Treating an Injury"},{"url":"/en_us/shop-your-way-health/losing-weight.html","name":"Losing Weight"},{"url":"/en_us/shop-your-way-health/having-a-baby.html","name":"Having a Baby"},{"url":"/en_us/shop-your-way-health/getting-in-shape.html","name":"Getting in Shape"},{"url":"/en_us/shop-your-way-health/raising-healthy-kids.html","name":"Raising Healthy Kids"},{"url":"/en_us/shop-your-way-health/caring-for-aging-parents.html","name":"Caring for Aging Parents"},{"css_class":"shopAll separator","url":"/en_us/shop-your-way-health.html","name":"Shop all Shop Your Way™ Health"}],"name":"column"}],"name":"Pharmacy & Health"},{"url":"/shoes/b-23140?adCell=WH","child_menu_items":[{"css_class":"col one","child_menu_items":[{"css_class":"heading","name":"Women&#39;s"},{"url":"/shoes-womens-shoes/b-1253459991?adCell=WF","name":"All Women&#39;s Shoes"},{"url":"/shoes-womens-shoes-runway-by-kmart/b-1256962891?adCell=WF","name":"Runway by Kmart"},{"url":"/shoes-womens-shoes-womens-athletic-shoes/b-1253469224?adCell=WF","name":"Women&#39;s Athletic Shoes"},{"url":"/shoes-womens-shoes-womens-boots/b-1253469237?adCell=WF","name":"Women&#39;s Boots"},{"css_class":"heading","name":"Men&#39;s"},{"url":"/shoes-mens-shoes/b-1253460012?adCell=WF","name":"All Men&#39;s Shoes"},{"url":"/shoes-mens-shoes-mens-athletic-shoes/b-1253470200?adCell=WF","name":"Men&#39;s Athletic Shoes"},{"url":"/shoes-mens-shoes-mens-casual-shoes/b-1253470246?adCell=WF","name":"Men&#39;s Casual Shoes"},{"url":"/shoes-mens-shoes-mens-work-shoes-boots/b-1253470239?adCell=W","name":"Men&#39;s Work Shoes and Boots"},{"css_class":"heading","name":"Junior&#39;s"},{"url":"/shoes-juniors-shoes/b-1233870511?adCell=WF","name":"All Junior&#39;s Shoes"},{"url":"/shoes-juniors-shoes-juniors-athletic-shoes/b-1233882558?adCell=WF","name":"Junior&#39;s Athletic Shoes"},{"url":"/shoes-juniors-shoes-juniors-boots/b-1233882578?adCell=WF","name":"Junior&#39;s Boots"},{"css_class":"heading","name":"Infants"},{"url":"/shoes-infants-shoes/b-1253459962?adCell=WF","name":"All Infant&#39;s Shoes"},{"url":"/shoes-infants-shoes-infants-boots/b-1253467580?adCell=WF","name":"Infant&#39;s Boots"},{"url":"/shoes-infants-shoes-infants-sneakers/b-1253467577?adCell=WF","name":"Infant&#39;s Sneakers"}],"name":"column"},{"css_class":"col two","child_menu_items":[{"css_class":"heading","name":"Girl&#39;s"},{"url":"/shoes-girls-shoes/b-1253459972?adCell=WF","name":"All Girl&#39;s Shoes"},{"url":"/shoes-girls-shoes-girls-sneakers/b-1253468823?adCell=WF","name":"Girl&#39;s Sneakers"},{"url":"/shoes-girls-shoes-girls-boots/b-1253468847?adCell=WF","name":"Girl&#39;s Boots"},{"css_class":"heading","name":"Boy&#39;s"},{"url":"/shoes-boys-shoes/b-1253459978?adCell=WF","name":"All Boy&#39;s Shoes"},{"url":"/shoes-boys-shoes-boys-sneakers/b-1253468996?adCell=WF","name":"Boy&#39;s Sneakers"},{"url":"/shoes-boys-shoes-boys-boots/b-1253469028?adCell=WF","name":"Boy&#39;s Boots"},{"css_class":"heading","name":"Toddler Girl&#39;s"},{"url":"/shoes-toddler-girls-shoes/b-1253459968?adCell=WF","name":"All Toddler Girl&#39;s Shoes"},{"url":"/shoes-toddler-girls-shoes-toddler-girls-sneakers/b-1253467592?adCell=WF","name":"Toddler Girl&#39;s Sneakers"},{"url":"/shoes-toddler-girls-shoes-toddler-girls-boots/b-1253467595?adCell=WF","name":"Toddler Girl&#39;s Boots"},{"css_class":"heading","name":"Toddler Boy&#39;s"},{"url":"/shoes-toddler-boys-shoes/b-1253460000?adCell=WF","name":"All Toddler Boy&#39;s Shoes"},{"url":"/shoes-toddler-boys-shoes-toddler-boys-sneakers/b-1253470067?adCell=WF","name":"Toddler Boy&#39;s Sneakers"},{"url":"/shoes-toddler-boys-shoes-toddler-boys-boots/b-1253470089?adCell=WF","name":"Toddler Boy&#39;s Boots"},{"css_class":"heading","name":"Great Savings"},{"url":"/shoes/b-23140?sbf=Sale ","name":"All Sale"},{"url":"/shoes/b-23140?sbf=Clearance","name":"All Clearance"}],"name":"column"}],"name":"Shoes"},{"url":"/toys-games/b-20007?adCell=WH","child_menu_items":[{"css_class":"col one","child_menu_items":[{"css_class":"heading","name":"Shop by Category"},{"url":"/toys-games-action-figures-accessories/b-20108?adCell=WF","name":"Action Figures and Accessories"},{"url":"/toys-games-arts-crafts/b-20106?adCell=WF","name":"Arts & Crafts "},{"url":"/toys-games-blocks-building-sets/b-20102?adCell=WF","name":"Blocks & Building Sets"},{"url":"/toys-games-dolls-accessories/b-20101?adCell=WF","name":"Dolls & Accessories"},{"url":"/toys-games/b-20097?adCell=WF","name":"Games"},{"url":"/toys-games-learning-toys-systems/b-20089?adCell=WF","name":"Learning Toys & Systems"},{"url":"/toys-games-musical-instruments-toys/b-20096?adCell=WF","name":"Musical Instruments & Toys"},{"url":"/toys-games-outdoor-play/b-20088?adCell=WF","name":"Outdoor Play"},{"url":"/toys-games-pools-accessories/b-20087?adCell=WF","name":"Pools & Accessories"},{"url":"/toys-games-pretend-play-dress-up/b-20085?adCell=WF","name":"Pretend Play & Dress Up"},{"url":"/toys-games-puzzles/b-20084?adCell=WF","name":"Puzzles"},{"url":"/toys-games-ride-on-toys-safety/b-20083?adCell=WF","name":"Ride-On Toys & Safety"},{"url":"/toys-games-stuffed-animals-plush/b-26043?adCell=WF","name":"Stuffed Animals & Plush"},{"url":"/toys-games-tech-toys/b-26371?adCell=WF","name":"Tech Toys"},{"url":"/toys-games-trains/b-20080?adCell=WF","name":"Trains"},{"url":"/toys-games-vehicles-remote-control-toys/b-20079?adCell=WF","name":"Vehicles & R/C Toys"},{"css_class":"heading","name":"Shop by Gender"},{"url":"/search=boys%20toy?vName=Toys%20%26%20Games&adCell=WF","name":"Boys&#39; Toys"},{"url":"/search=girls%20toys?vName=Toys%20%26%20Games&adCell=WF","name":"Girls&#39; Toys"}],"name":"column"},{"css_class":"col two","child_menu_items":[{"css_class":"heading","name":"Shop by Age"},{"url":"/toys-games-shop-by-age-ages-1-2/b-21381?adCell=WF","name":"Ages 1-2"},{"url":"/toys-games-shop-by-age-ages-3-5/b-21382?adCell=WF","name":"Ages 3-5"},{"url":"/toys-games-shop-by-age-ages-6-8/b-21383?adCell=WF","name":"Ages 6-8"},{"url":"/toys-games-shop-by-age-ages-9-12/b-21384?adCell=WF","name":"Ages 9-12"},{"url":"/toys-games-shop-by-age-grownups/b-26102?adCell=WF","name":"Ages 13 and Over"},{"css_class":"heading","name":"Shop by Brand"},{"url":"/search=fisher%20price?vName=Toys%20%26%20Games&adCell=WF","name":"Fisher-Price"},{"url":"/toys-games/b-20007?sbf=Brand&sbv=Just%20Kidz&adCell=WF","name":"Just Kidz"},{"url":"/search=leapfrog?vName=Toys%20%26%20Games&adCell=WF","name":"LeapFrog"},{"url":"/search=lego?vName=Toys%20%26%20Games&adCell=WF","name":"LEGO"},{"url":"/search=little%20tikes?vName=Toys%20%26%20Games&adCell=WF","name":"Little Tikes"},{"url":"/search=my%20first%20craftsman?adCell=WF","name":"My First Craftsman"},{"url":"/search=my%20first%20kenmore?adCell=WF","name":"My First Kenmore"},{"url":"/search=step2?vName=Toys%20%26%20Games&adCell=WF","name":"Step2"},{"url":"/search=vtech?vName=Toys%20%26%20Games&adCell=WF","name":"Vtech"},{"css_class":"heading","name":"Shop by Character"},{"url":"/search=barbie?vName=Toys+%26+Games&adCell=WF","name":"Barbie"},{"url":"/search=dora+the+explorer?vName=Toys+%26+Games&adCell=WF","name":"Dora the Explorer"},{"url":"/search=elmo?vName=Toys+%26+Games&adCell=WF","name":"Elmo"},{"url":"/search=iron+man?vName=Toys+%26+Games&adCell=WF","name":"Iron Man"},{"url":"/littlest-pet-shop/dap-120000000000502?adCell=WF","name":"Littlest Pet Shop"},{"url":"/search=thomas+%26+friends?vName=Toys+%26+Games&adCell=WF","name":"Thomas & Friends"},{"url":"/search=zhu+zhu+pet?vName=Toys+%26+Games&cName=Stuffed+Animals+%26+Plush&sLevel=1&adCell=WF","name":"Zhu Zhu Pets"}],"name":"column"}],"name":"Toys & Games"},{"url":"/clearance/sbh?adCell=WH","name":"Clearance"}],"_slugs":"kmart-cq-dept-tree"},{"behavior":"dropmenu","brand":"kmart","position":"header","segments":[],"type":"tree","menu_items":[{"css_class":"sywrexclusives","url":"/weekly-member-deals-kmart/dap-120000000244941","child_menu_items":[{"url":"/weekly-member-deals-kmart/dap-120000000244941","name":"ShopYourWay Exclusives","attr":{"data-trk":"Header > ShopYourWay Exclusives","rel":"nofollow"}},{"url":"/k-syw-bookmarklet/dap-120000000331254","name":"ShopYourWay Bookmarklet","attr":{"data-trk":"Header > ShopYourWay Exclusives > bookmarklet","rel":"nofollow"}},{"url":"/earn-gas-for-less/dap-120000000301827?adcell=gasforlessnav","name":"ShopYourWay GAS REWARDS"}],"name":"ShopYourWay Exclusives","attr":{"data-trk":"Header > ShopYourWay Exclusives","rel":"nofollow"}},{"css_class":"weeklyLocalAd","url":"/shc/s/LocalAdHome?storeId=10151&catalogId=10104","name":"Weekly & Local Ads","attr":{"data-trk":"Header > LocalAd"}},{"css_class":"dealCenter","url":"/shc/s/dealscenter?storeId=10151&catalogId=10104","name":"Deals Center","attr":{"data-trk":"Header > Deals Center","rel":"nofollow"}},{"css_class":"layaway","url":"/shc/s/sbh_10151_10104_layaway","name":"Layaway"},{"css_class":"giftsLink","child_menu_items":[{"css_class":"separator","url":"/gifts/v-22548?adCell=BH&adCell=WH","name":"Gifts"},{"css_class":"separator","url":"/gclanding/nb-120000000218043?adCell=WH","name":"Gift Cards","attr":{"data-trk":"Header > Services Menu > Parts Direct","rel":"nofollow"}},{"css_class":"separator","url":"/shc/s/GiftRegistryHomeView?storeId=10151&catalogId=10104&adCell=WH","name":"Gift Registry"},{"url":"/shc/s/GiveTogether?storeId=10151&catalogId=10104&nextView=GTHomePageView&adCell=WH","name":"Give Together","attr":{"data-trk":"Header > Services Menu > My Scheduled Services","rel":"nofollow"}},{"url":"/shc/s/InterestItemDisplayCmd?storeId=10151&catalogId=10104&langId=-1","name":"My Lists"}],"name":"Gifts"},{"css_class":"holidayRewards gnf_hide","url":"#","name":"How to get it by December 24th","attr":{"data-trk":"Header > My Rewards","rel":"nofollow"}}],"_slugs":"kmart-header-tree"},{"behavior":"dropmenu","brand":"kmart","position":"footer","segment_ids":[],"segments":[],"type":"tree","menu_items":[{"css_class":"kmart-community","child_menu_items":[{"css_class":"facebook","url":"//www.facebook.com/kmart","name":"Facebook"},{"css_class":"mykmart-community","url":"https://www.kmart.com/community/","name":"MyKmart Community"},{"css_class":"twitter","url":"//www.twitter.com/kmartdeals","name":"Twitter"},{"css_class":"youtube","url":"//www.youtube.com/kmart","name":"YouTube"},{"css_class":"linkedin","url":"//www.linkedin.com/companies/kmart","name":"LinkedIn"}],"name":"Kmart Community"},{"css_class":"kmart-resources","child_menu_items":[{"css_class":"store-finder","url":"/shc/s/StoreLocatorView?storeId=10151&catalogId=10104&langId=-1&adCell=AF&adCell=WF&adCell=WF","name":"Store Finder"},{"css_class":"gift-cards","url":"/kmart-red-gift-card/p-6174302200000000P?adCell=WF&adCell=WF","name":"Gift Cards"},{"css_class":"pharmacy","url":"/kmart-pharmacy-microsite/dap-100000000036522?adCell=WF","name":"Pharmacy"},{"css_class":"order-history","url":"/shc/s/UPOrderHistoryView?langId=-1&storeId=10151&catalogId=10104&adCell=WF","name":"Order History"},{"css_class":"my-account","url":"/shc/s/UserAccountView?storeId=10151&catalogId=10104&langId=-1","name":"My Account"},{"css_class":"need-help-finding-anything","url":"/personalshopper/nb-100000000214562?adCell=WF&adCell=WF","name":"Need help finding anything?"}],"name":"Kmart Resources"},{"css_class":"kmart-deals","child_menu_items":[{"css_class":"localad","url":"/shc/s/WeeklyAdHome?storeId=10151&catalogId=10104","name":"LocalAd"},{"css_class":"sign-up-for-email-savings","url":"/emailsignup/nb-100000000005013?adCell=WF&adCell=WF","name":"Sign up for email savings!"},{"css_class":"shopyourway-rewardssm","url":"https://www.shopyourwayrewards.com/","name":"ShopYourWay Rewards℠"},{"css_class":"coupon-center","url":"/coupons-inc/dap-100000000467002?adCell=WF","name":"Coupon Center"},{"css_class":"kmart-mobile","url":"/kmart-mobile/dap-100000000464003?adCell=WF","name":"Kmart Mobile"}],"name":"Kmart Deals"},{"css_class":"about-kmart","child_menu_items":[{"css_class":"kmart-company-info","url":"//www.searsholdings.com/about/kmart","name":"Kmart Company Info"},{"css_class":"sears-holding-corporation-info","url":"//www.searsholdings.com/","name":"Sears Holding Corporation Info"},{"css_class":"careers","url":"//www.searsholdings.com/careers","name":"Careers"},{"css_class":"ftc-gift-card-settlement","url":"/gift-card-settlement/nb-100000000332502?adCell=WF","name":"FTC Gift Card Settlement"},{"css_class":"kmart-affiliate","url":"/affiliate-program/nb-100000000227511?adCell=W4","name":"Kmart Affiliate"}],"name":"About Kmart"},{"css_class":"customer-service","url":"/shc/s/nb_10151_10104_NB_CSHome","name":"Customer Service"}],"_slugs":"kmart-footer-tree"},{"behavior":"","brand":"kmart","position":"footer","segment_ids":["5125013b63c086941b000001"],"segments":[],"type":"flat","menu_items":[{"css_class":"careers","url":"http://www.searsholdings.com/careers","name":"Careers"},{"css_class":"productRecall","url":"http://www.kmartcorp.com/corp/product_recall/bluelight/indexicons.stm","name":"Product Recall"},{"css_class":"termsOfUse","url":"//www.kmart.com/csterms/nb-100000000000005?adCell=WF","name":"Terms of Use"},{"css_class":"privacyPolicy","url":"//www.kmart.com/csprivacy/nb-100000000000006?adCell=WF","name":"Privacy Policy"},{"css_class":"interestAds","url":"//www.kmart.com/csintbasedads/nb-120000000306365?adCell=WF","name":"Interest Based Ads"},{"css_class":"CAPrivacyRights","url":"//www.kmart.com/km-california-privacy-policy/nb-100000000155504?adCell=WF","name":"California Privacy Rights"},{"css_class":"CATransparency","url":"//www.kmart.com/cscasupplychain2010/nb-120000000249461?adCell=WF","name":"California Transparency Act"},{"css_class":"storeAccessibility","url":"https://mykmart.com/adacomment/FeedBackForm/feedbackForm.jsp","name":"Store Accessibility Comments"},{"css_class":"paymentMethods","url":"//www.kmart.com/paymentmethod/nb-100000000045001","name":"Payment Methods"},{"css_class":"siteMap","url":"//www.kmart.com/shc/s/smv_10151_10104?adCell=WF","name":"Site Map"},{"css_class":"mobileSite","url":"//m.kmart.com/","name":"Mobile Site"},{"css_class":"copyright","name":"© 2014 Sears Brands, LLC. All Rights Reserved"}],"_slugs":"kmart-footer-flat"}],"_slugs":"kmart-cq-frame"});
